phase,run,epoch,total,lr,loss,train,test,time
scale_conv,cw_4_8,1,18,0.0016667,0.3095,96.38,96.53,11.9
scale_conv,cw_4_8,2,18,0.0033333,0.113,97.67,97.5,9.0
scale_conv,cw_4_8,3,18,0.005,0.0825,98.11,97.59,9.4
scale_conv,cw_4_8,4,18,0.005,0.0592,98.3,97.62,9.9
scale_conv,cw_4_8,5,18,0.0049454,0.0487,98.55,97.77,8.5
scale_conv,cw_4_8,6,18,0.0047839,0.0436,98.54,97.69,11.5
scale_conv,cw_4_8,7,18,0.0045226,0.0368,98.87,97.92,6.9
scale_conv,cw_4_8,8,18,0.004173,0.0272,99.36,98.39,10.0
scale_conv,cw_4_8,9,18,0.0037502,0.0207,98.82,97.79,9.5
scale_conv,cw_4_8,10,18,0.0032729,0.0191,98.84,97.77,10.0
scale_conv,cw_4_8,11,18,0.0027618,0.0142,99.56,98.36,10.1
scale_conv,cw_4_8,12,18,0.0022392,0.0084,99.66,98.53,7.1
scale_conv,cw_4_8,13,18,0.0017281,0.0038,99.87,98.66,10.5
scale_conv,cw_4_8,14,18,0.0012507,0.0017,99.97,98.83,10.4
scale_conv,cw_4_8,15,18,0.00082801,0.0008,99.99,98.89,9.6
scale_conv,cw_4_8,16,18,0.00047836,0.0004,100.0,98.91,9.4
scale_conv,cw_4_8,17,18,0.00021709,0.0003,100.0,98.93,8.1
scale_conv,cw_4_8,18,18,5.562e-05,0.0003,100.0,98.93,11.1
scale_conv,cw_8_16,1,18,0.0016667,0.2642,96.89,96.88,11.9
scale_conv,cw_8_16,2,18,0.0033333,0.0983,98.12,97.8,9.2
scale_conv,cw_8_16,3,18,0.005,0.0785,97.02,96.38,10.2
scale_conv,cw_8_16,4,18,0.005,0.054,98.55,98.0,9.1
scale_conv,cw_8_16,5,18,0.0049454,0.0441,98.36,97.65,11.7
scale_conv,cw_8_16,6,18,0.0047839,0.0468,98.93,98.36,8.9
scale_conv,cw_8_16,7,18,0.0045226,0.0321,99.28,98.45,10.1
scale_conv,cw_8_16,8,18,0.004173,0.0264,99.14,98.25,10.0
scale_conv,cw_8_16,9,18,0.0037502,0.0243,99.2,98.36,11.2
scale_conv,cw_8_16,10,18,0.0032729,0.016,99.39,98.16,9.5
scale_conv,cw_8_16,11,18,0.0027618,0.0128,99.28,98.25,10.3
scale_conv,cw_8_16,12,18,0.0022392,0.0083,99.76,98.86,10.1
scale_conv,cw_8_16,13,18,0.0017281,0.0053,99.8,98.77,10.7
scale_conv,cw_8_16,14,18,0.0012507,0.0015,99.89,98.78,11.1
scale_conv,cw_8_16,15,18,0.00082801,0.0005,100.0,98.97,5.9
scale_conv,cw_8_16,16,18,0.00047836,0.0002,100.0,98.97,10.3
scale_conv,cw_8_16,17,18,0.00021709,0.0001,100.0,98.99,8.6
scale_conv,cw_8_16,18,18,5.562e-05,0.0001,100.0,98.97,7.8
scale_conv,cw_16_32,1,18,0.0016667,0.1883,97.72,97.43,14.9
scale_conv,cw_16_32,2,18,0.0033333,0.079,98.12,97.86,12.8
scale_conv,cw_16_32,3,18,0.005,0.078,98.68,98.21,13.2
scale_conv,cw_16_32,4,18,0.005,0.0629,98.91,98.42,15.2
scale_conv,cw_16_32,5,18,0.0049454,0.0455,98.26,97.73,13.6
scale_conv,cw_16_32,6,18,0.0047839,0.0488,97.77,97.24,11.6
scale_conv,cw_16_32,7,18,0.0045226,0.0482,98.74,97.79,14.4
scale_conv,cw_16_32,8,18,0.004173,0.0287,98.85,98.07,14.6
scale_conv,cw_16_32,9,18,0.0037502,0.0336,99.14,98.2,11.9
scale_conv,cw_16_32,10,18,0.0032729,0.0162,99.5,98.44,14.0
scale_conv,cw_16_32,11,18,0.0027618,0.0108,99.77,98.88,12.7
scale_conv,cw_16_32,12,18,0.0022392,0.006,99.85,98.8,12.1
scale_conv,cw_16_32,13,18,0.0017281,0.0025,99.94,98.94,11.1
scale_conv,cw_16_32,14,18,0.0012507,0.0006,99.99,99.01,11.7
scale_conv,cw_16_32,15,18,0.00082801,0.0002,100.0,99.01,11.9
scale_conv,cw_16_32,16,18,0.00047836,0.0001,100.0,99.02,10.0
scale_conv,cw_16_32,17,18,0.00021709,0.0,100.0,99.04,14.3
scale_conv,cw_16_32,18,18,5.562e-05,0.0,100.0,99.04,10.1
scale_conv,cw_32_64,1,18,0.0016667,0.1596,98.0,97.66,18.2
scale_conv,cw_32_64,2,18,0.0033333,0.0845,97.75,97.29,17.7
scale_conv,cw_32_64,3,18,0.005,0.1047,98.18,97.64,17.2
scale_conv,cw_32_64,4,18,0.005,0.0736,97.83,97.4,17.7
scale_conv,cw_32_64,5,18,0.0049454,0.117,98.51,97.87,17.1
scale_conv,cw_32_64,6,18,0.0047839,0.055,99.18,98.58,18.6
scale_conv,cw_32_64,7,18,0.0045226,0.0516,98.53,97.92,17.3
scale_conv,cw_32_64,8,18,0.004173,0.05,98.75,97.96,15.7
scale_conv,cw_32_64,9,18,0.0037502,0.0527,99.16,98.32,16.6
scale_conv,cw_32_64,10,18,0.0032729,0.0283,99.26,98.45,14.0
scale_conv,cw_32_64,11,18,0.0027618,0.016,99.7,98.76,9.7
scale_conv,cw_32_64,12,18,0.0022392,0.0085,99.79,98.68,17.0
scale_conv,cw_32_64,13,18,0.0017281,0.0043,99.93,98.91,9.9
scale_conv,cw_32_64,14,18,0.0012507,0.001,99.99,99.07,15.2
scale_conv,cw_32_64,15,18,0.00082801,0.0003,99.99,99.1,16.2
scale_conv,cw_32_64,16,18,0.00047836,0.0001,100.0,99.09,12.5
scale_conv,cw_32_64,17,18,0.00021709,0.0001,100.0,99.08,16.2
scale_conv,cw_32_64,18,18,5.562e-05,0.0001,100.0,99.08,15.0
scale_conv,cw_64_128,1,18,0.0016667,0.1635,97.83,97.52,24.5
scale_conv,cw_64_128,2,18,0.0033333,0.0994,98.77,98.33,19.2
scale_conv,cw_64_128,3,18,0.005,0.2964,95.35,95.37,21.3
scale_conv,cw_64_128,4,18,0.005,0.0801,98.42,98.01,21.4
scale_conv,cw_64_128,5,18,0.0049454,0.0527,98.13,97.61,24.3
scale_conv,cw_64_128,6,18,0.0047839,0.0773,98.08,97.47,23.1
scale_conv,cw_64_128,7,18,0.0045226,0.0774,96.47,96.16,22.7
scale_conv,cw_64_128,8,18,0.004173,0.125,98.83,98.24,23.1
scale_conv,cw_64_128,9,18,0.0037502,0.0463,98.96,98.1,22.3
scale_conv,cw_64_128,10,18,0.0032729,0.0326,99.38,98.59,25.5
scale_conv,cw_64_128,11,18,0.0027618,0.019,98.76,97.76,23.4
scale_conv,cw_64_128,12,18,0.0022392,0.013,99.7,98.75,24.6
scale_conv,cw_64_128,13,18,0.0017281,0.0083,99.79,98.78,25.8
scale_conv,cw_64_128,14,18,0.0012507,0.0036,99.89,98.93,25.2
scale_conv,cw_64_128,15,18,0.00082801,0.0025,99.94,98.97,22.7
scale_conv,cw_64_128,16,18,0.00047836,0.0015,99.96,98.97,23.4
scale_conv,cw_64_128,17,18,0.00021709,0.0011,99.96,98.98,20.5
scale_conv,cw_64_128,18,18,5.562e-05,0.001,99.96,98.98,25.7
scale_fc,fc_32_10,1,18,0.0016667,0.2586,96.8,96.77,11.9
scale_fc,fc_32_10,2,18,0.0033333,0.0992,97.76,97.32,10.1
scale_fc,fc_32_10,3,18,0.005,0.0793,98.39,97.94,14.3
scale_fc,fc_32_10,4,18,0.005,0.0664,98.55,98.14,9.6
scale_fc,fc_32_10,5,18,0.0049454,0.0503,98.56,97.81,8.3
scale_fc,fc_32_10,6,18,0.0047839,0.0461,98.57,98.1,12.4
scale_fc,fc_32_10,7,18,0.0045226,0.0434,99.01,98.32,6.8
scale_fc,fc_32_10,8,18,0.004173,0.0335,98.39,97.82,12.9
scale_fc,fc_32_10,9,18,0.0037502,0.036,99.12,98.13,9.9
scale_fc,fc_32_10,10,18,0.0032729,0.0226,99.28,98.37,9.4
scale_fc,fc_32_10,11,18,0.0027618,0.0148,99.48,98.18,13.2
scale_fc,fc_32_10,12,18,0.0022392,0.0101,99.63,98.44,7.2
scale_fc,fc_32_10,13,18,0.0017281,0.0053,99.85,98.72,12.6
scale_fc,fc_32_10,14,18,0.0012507,0.0022,99.91,98.63,8.7
scale_fc,fc_32_10,15,18,0.00082801,0.001,99.99,98.79,12.2
scale_fc,fc_32_10,16,18,0.00047836,0.0005,100.0,98.84,13.4
scale_fc,fc_32_10,17,18,0.00021709,0.0003,100.0,98.82,11.5
scale_fc,fc_32_10,18,18,5.562e-05,0.0002,100.0,98.82,13.8
scale_fc,fc_64_10,1,18,0.0016667,0.2178,97.71,97.57,11.4
scale_fc,fc_64_10,2,18,0.0033333,0.0844,98.53,98.16,7.8
scale_fc,fc_64_10,3,18,0.005,0.0733,98.36,97.93,12.0
scale_fc,fc_64_10,4,18,0.005,0.0519,98.16,97.85,9.8
scale_fc,fc_64_10,5,18,0.0049454,0.0522,98.13,97.58,10.1
scale_fc,fc_64_10,6,18,0.0047839,0.049,98.56,97.99,12.3
scale_fc,fc_64_10,7,18,0.0045226,0.0427,98.28,97.83,7.6
scale_fc,fc_64_10,8,18,0.004173,0.0325,98.74,97.85,12.2
scale_fc,fc_64_10,9,18,0.0037502,0.0263,99.35,98.54,10.3
scale_fc,fc_64_10,10,18,0.0032729,0.0196,99.66,98.71,11.6
scale_fc,fc_64_10,11,18,0.0027618,0.01,99.6,98.66,13.4
scale_fc,fc_64_10,12,18,0.0022392,0.0065,99.79,98.76,10.9
scale_fc,fc_64_10,13,18,0.0017281,0.0032,99.94,98.91,13.0
scale_fc,fc_64_10,14,18,0.0012507,0.0013,99.99,98.97,8.9
scale_fc,fc_64_10,15,18,0.00082801,0.0003,100.0,99.03,11.0
scale_fc,fc_64_10,16,18,0.00047836,0.0001,100.0,99.02,12.1
scale_fc,fc_64_10,17,18,0.00021709,0.0001,100.0,99.03,9.8
scale_fc,fc_64_10,18,18,5.562e-05,0.0001,100.0,99.03,12.3
scale_fc,fc_128_10,1,18,0.0016667,0.1883,97.72,97.43,12.3
scale_fc,fc_128_10,2,18,0.0033333,0.079,98.12,97.86,13.8
scale_fc,fc_128_10,3,18,0.005,0.078,98.68,98.21,11.9
scale_fc,fc_128_10,4,18,0.005,0.0629,98.91,98.42,13.8
scale_fc,fc_128_10,5,18,0.0049454,0.0455,98.26,97.73,8.9
scale_fc,fc_128_10,6,18,0.0047839,0.0488,97.77,97.24,11.7
scale_fc,fc_128_10,7,18,0.0045226,0.0482,98.74,97.79,11.8
scale_fc,fc_128_10,8,18,0.004173,0.0287,98.85,98.07,9.5
scale_fc,fc_128_10,9,18,0.0037502,0.0336,99.14,98.2,12.2
scale_fc,fc_128_10,10,18,0.0032729,0.0162,99.5,98.44,8.4
scale_fc,fc_128_10,11,18,0.0027618,0.0108,99.77,98.88,10.6
scale_fc,fc_128_10,12,18,0.0022392,0.006,99.85,98.8,10.9
scale_fc,fc_128_10,13,18,0.0017281,0.0025,99.94,98.94,8.7
scale_fc,fc_128_10,14,18,0.0012507,0.0006,99.99,99.01,12.1
scale_fc,fc_128_10,15,18,0.00082801,0.0002,100.0,99.01,10.0
scale_fc,fc_128_10,16,18,0.00047836,0.0001,100.0,99.02,11.6
scale_fc,fc_128_10,17,18,0.00021709,0.0,100.0,99.04,12.6
scale_fc,fc_128_10,18,18,5.562e-05,0.0,100.0,99.04,10.2
scale_fc,fc_256_10,1,18,0.0016667,0.1791,97.83,97.56,8.5
scale_fc,fc_256_10,2,18,0.0033333,0.0761,98.3,97.91,11.7
scale_fc,fc_256_10,3,18,0.005,0.085,98.25,97.95,8.9
scale_fc,fc_256_10,4,18,0.005,0.066,98.54,98.15,11.1
scale_fc,fc_256_10,5,18,0.0049454,0.0569,98.64,97.72,9.4
scale_fc,fc_256_10,6,18,0.0047839,0.0783,98.65,97.84,9.7
scale_fc,fc_256_10,7,18,0.0045226,0.0408,98.98,98.18,12.3
scale_fc,fc_256_10,8,18,0.004173,0.038,99.24,98.39,10.0
scale_fc,fc_256_10,9,18,0.0037502,0.0267,98.67,97.96,12.4
scale_fc,fc_256_10,10,18,0.0032729,0.0236,99.52,98.56,11.6
scale_fc,fc_256_10,11,18,0.0027618,0.0113,99.65,98.75,11.2
scale_fc,fc_256_10,12,18,0.0022392,0.0105,99.76,98.95,12.6
scale_fc,fc_256_10,13,18,0.0017281,0.0043,99.96,99.13,10.2
scale_fc,fc_256_10,14,18,0.0012507,0.0005,100.0,99.1,9.4
scale_fc,fc_256_10,15,18,0.00082801,0.0001,100.0,99.09,8.7
scale_fc,fc_256_10,16,18,0.00047836,0.0001,100.0,99.08,11.1
scale_fc,fc_256_10,17,18,0.00021709,0.0,100.0,99.08,11.7
scale_fc,fc_256_10,18,18,5.562e-05,0.0,100.0,99.08,10.8
scale_fc,fc_256_128_10,1,18,0.0016667,0.1882,98.06,97.84,10.1
scale_fc,fc_256_128_10,2,18,0.0033333,0.0829,97.96,97.61,12.3
scale_fc,fc_256_128_10,3,18,0.005,0.082,98.14,97.97,10.2
scale_fc,fc_256_128_10,4,18,0.005,0.0681,97.96,97.77,10.3
scale_fc,fc_256_128_10,5,18,0.0049454,0.0516,98.4,97.93,11.7
scale_fc,fc_256_128_10,6,18,0.0047839,0.0499,98.5,97.94,8.2
scale_fc,fc_256_128_10,7,18,0.0045226,0.0477,98.31,97.46,11.4
scale_fc,fc_256_128_10,8,18,0.004173,0.0326,99.12,98.18,8.0
scale_fc,fc_256_128_10,9,18,0.0037502,0.0318,99.09,98.43,9.0
scale_fc,fc_256_128_10,10,18,0.0032729,0.0201,99.3,98.48,12.9
scale_fc,fc_256_128_10,11,18,0.0027618,0.0161,99.59,98.61,11.6
scale_fc,fc_256_128_10,12,18,0.0022392,0.0065,99.87,98.86,13.3
scale_fc,fc_256_128_10,13,18,0.0017281,0.0026,99.95,99.0,11.4
scale_fc,fc_256_128_10,14,18,0.0012507,0.0015,99.98,99.04,11.5
scale_fc,fc_256_128_10,15,18,0.00082801,0.0004,99.99,99.02,10.2
scale_fc,fc_256_128_10,16,18,0.00047836,0.0003,99.99,99.07,12.8
scale_fc,fc_256_128_10,17,18,0.00021709,0.0001,100.0,99.07,11.8
scale_fc,fc_256_128_10,18,18,5.562e-05,0.0001,100.0,99.07,11.0
scale_fc,fc_512_256_10,1,18,0.0016667,0.1731,98.3,97.85,13.0
scale_fc,fc_512_256_10,2,18,0.0033333,0.0853,98.34,97.9,10.8
scale_fc,fc_512_256_10,3,18,0.005,0.0991,96.78,96.21,12.9
scale_fc,fc_512_256_10,4,18,0.005,0.0669,97.86,97.39,10.4
scale_fc,fc_512_256_10,5,18,0.0049454,0.0573,98.53,98.0,10.8
scale_fc,fc_512_256_10,6,18,0.0047839,0.0673,98.75,97.99,10.6
scale_fc,fc_512_256_10,7,18,0.0045226,0.0586,97.59,97.07,12.7
scale_fc,fc_512_256_10,8,18,0.004173,0.0547,99.01,98.15,12.2
scale_fc,fc_512_256_10,9,18,0.0037502,0.0363,99.35,98.64,9.6
scale_fc,fc_512_256_10,10,18,0.0032729,0.0216,99.4,98.53,10.0
scale_fc,fc_512_256_10,11,18,0.0027618,0.013,99.85,98.94,13.3
scale_fc,fc_512_256_10,12,18,0.0022392,0.0075,99.68,98.77,13.7
scale_fc,fc_512_256_10,13,18,0.0017281,0.0041,99.91,99.12,14.2
scale_fc,fc_512_256_10,14,18,0.0012507,0.0011,99.98,99.21,13.7
scale_fc,fc_512_256_10,15,18,0.00082801,0.0006,99.99,99.17,13.2
scale_fc,fc_512_256_10,16,18,0.00047836,0.0002,100.0,99.22,13.0
scale_fc,fc_512_256_10,17,18,0.00021709,0.0001,100.0,99.21,11.5
scale_fc,fc_512_256_10,18,18,5.562e-05,0.0001,100.0,99.21,10.7
scale_fc,fc_1024_512_10,1,18,0.0016667,0.1759,98.15,97.73,10.9
scale_fc,fc_1024_512_10,2,18,0.0033333,0.094,97.55,97.15,8.5
scale_fc,fc_1024_512_10,3,18,0.005,0.1125,97.01,96.71,11.8
scale_fc,fc_1024_512_10,4,18,0.005,0.1003,98.38,98.13,9.6
scale_fc,fc_1024_512_10,5,18,0.0049454,0.0799,98.36,98.13,11.0
scale_fc,fc_1024_512_10,6,18,0.0047839,0.0766,98.83,98.43,9.0
scale_fc,fc_1024_512_10,7,18,0.0045226,0.0542,98.02,97.5,12.2
scale_fc,fc_1024_512_10,8,18,0.004173,0.0651,98.92,98.09,13.0
scale_fc,fc_1024_512_10,9,18,0.0037502,0.0358,99.62,98.88,14.3
scale_fc,fc_1024_512_10,10,18,0.0032729,0.0223,99.52,98.65,12.1
scale_fc,fc_1024_512_10,11,18,0.0027618,0.0153,99.36,98.42,10.7
scale_fc,fc_1024_512_10,12,18,0.0022392,0.0156,99.69,98.79,9.6
scale_fc,fc_1024_512_10,13,18,0.0017281,0.0057,99.94,99.15,9.9
scale_fc,fc_1024_512_10,14,18,0.0012507,0.0019,99.99,99.14,11.6
scale_fc,fc_1024_512_10,15,18,0.00082801,0.0003,100.0,99.23,11.0
scale_fc,fc_1024_512_10,16,18,0.00047836,0.0001,100.0,99.22,10.3
scale_fc,fc_1024_512_10,17,18,0.00021709,0.0001,100.0,99.22,9.0
scale_fc,fc_1024_512_10,18,18,5.562e-05,0.0,100.0,99.22,10.2
scale_depth,dp_1,1,18,0.0016667,0.1938,97.72,97.09,9.3
scale_depth,dp_1,2,18,0.0033333,0.09,98.42,97.5,11.9
scale_depth,dp_1,3,18,0.005,0.0731,97.11,95.96,12.3
scale_depth,dp_1,4,18,0.005,0.058,98.63,97.64,13.1
scale_depth,dp_1,5,18,0.0049454,0.0546,97.67,96.34,12.5
scale_depth,dp_1,6,18,0.0047839,0.0501,99.01,97.75,11.3
scale_depth,dp_1,7,18,0.0045226,0.0357,99.16,97.78,11.4
scale_depth,dp_1,8,18,0.004173,0.0324,98.32,96.79,10.2
scale_depth,dp_1,9,18,0.0037502,0.0304,99.23,97.88,9.7
scale_depth,dp_1,10,18,0.0032729,0.0138,99.33,97.8,12.7
scale_depth,dp_1,11,18,0.0027618,0.0051,99.86,98.34,13.4
scale_depth,dp_1,12,18,0.0022392,0.0014,99.97,98.48,10.9
scale_depth,dp_1,13,18,0.0017281,0.001,99.99,98.66,12.2
scale_depth,dp_1,14,18,0.0012507,0.0002,100.0,98.64,10.9
scale_depth,dp_1,15,18,0.00082801,0.0,100.0,98.61,10.6
scale_depth,dp_1,16,18,0.00047836,0.0,100.0,98.62,11.8
scale_depth,dp_1,17,18,0.00021709,0.0,100.0,98.61,10.3
scale_depth,dp_1,18,18,5.562e-05,0.0,100.0,98.61,11.5
scale_depth,dp_2,1,18,0.0016667,0.1883,97.72,97.43,10.7
scale_depth,dp_2,2,18,0.0033333,0.079,98.12,97.86,9.3
scale_depth,dp_2,3,18,0.005,0.078,98.68,98.21,9.1
scale_depth,dp_2,4,18,0.005,0.0629,98.91,98.42,12.0
scale_depth,dp_2,5,18,0.0049454,0.0455,98.26,97.73,13.6
scale_depth,dp_2,6,18,0.0047839,0.0488,97.77,97.24,13.3
scale_depth,dp_2,7,18,0.0045226,0.0482,98.74,97.79,13.2
scale_depth,dp_2,8,18,0.004173,0.0287,98.85,98.07,11.7
scale_depth,dp_2,9,18,0.0037502,0.0336,99.14,98.2,10.9
scale_depth,dp_2,10,18,0.0032729,0.0162,99.5,98.44,7.2
scale_depth,dp_2,11,18,0.0027618,0.0108,99.77,98.88,14.3
scale_depth,dp_2,12,18,0.0022392,0.006,99.85,98.8,14.8
scale_depth,dp_2,13,18,0.0017281,0.0025,99.94,98.94,12.5
scale_depth,dp_2,14,18,0.0012507,0.0006,99.99,99.01,13.4
scale_depth,dp_2,15,18,0.00082801,0.0002,100.0,99.01,12.0
scale_depth,dp_2,16,18,0.00047836,0.0001,100.0,99.02,11.1
scale_depth,dp_2,17,18,0.00021709,0.0,100.0,99.04,11.7
scale_depth,dp_2,18,18,5.562e-05,0.0,100.0,99.04,13.2
scale_kernel_pool,kp_k3,1,18,0.0016667,0.1824,98.19,97.83,14.3
scale_kernel_pool,kp_k3,2,18,0.0033333,0.0681,98.83,98.3,14.8
scale_kernel_pool,kp_k3,3,18,0.005,0.0559,98.77,98.25,11.8
scale_kernel_pool,kp_k3,4,18,0.005,0.0417,99.11,98.45,13.2
scale_kernel_pool,kp_k3,5,18,0.0049454,0.0323,99.04,98.36,11.7
scale_kernel_pool,kp_k3,6,18,0.0047839,0.0245,99.12,98.31,11.5
scale_kernel_pool,kp_k3,7,18,0.0045226,0.0277,99.04,97.92,12.4
scale_kernel_pool,kp_k3,8,18,0.004173,0.0236,98.97,98.17,13.9
scale_kernel_pool,kp_k3,9,18,0.0037502,0.0188,99.44,98.61,11.5
scale_kernel_pool,kp_k3,10,18,0.0032729,0.0096,99.42,98.46,10.8
scale_kernel_pool,kp_k3,11,18,0.0027618,0.0048,99.88,98.75,7.5
scale_kernel_pool,kp_k3,12,18,0.0022392,0.0031,99.89,98.92,12.1
scale_kernel_pool,kp_k3,13,18,0.0017281,0.0015,99.8,98.72,12.2
scale_kernel_pool,kp_k3,14,18,0.0012507,0.0012,99.99,99.01,12.6
scale_kernel_pool,kp_k3,15,18,0.00082801,0.0002,100.0,99.03,13.1
scale_kernel_pool,kp_k3,16,18,0.00047836,0.0001,100.0,99.08,13.6
scale_kernel_pool,kp_k3,17,18,0.00021709,0.0,100.0,99.08,14.5
scale_kernel_pool,kp_k3,18,18,5.562e-05,0.0,100.0,99.08,15.0
scale_kernel_pool,kp_k5,1,18,0.0016667,0.1883,97.72,97.43,8.4
scale_kernel_pool,kp_k5,2,18,0.0033333,0.079,98.12,97.86,10.8
scale_kernel_pool,kp_k5,3,18,0.005,0.078,98.68,98.21,12.6
scale_kernel_pool,kp_k5,4,18,0.005,0.0629,98.91,98.42,11.9
scale_kernel_pool,kp_k5,5,18,0.0049454,0.0455,98.26,97.73,9.7
scale_kernel_pool,kp_k5,6,18,0.0047839,0.0488,97.77,97.24,9.3
scale_kernel_pool,kp_k5,7,18,0.0045226,0.0482,98.74,97.79,11.0
scale_kernel_pool,kp_k5,8,18,0.004173,0.0287,98.85,98.07,12.7
scale_kernel_pool,kp_k5,9,18,0.0037502,0.0336,99.14,98.2,10.6
scale_kernel_pool,kp_k5,10,18,0.0032729,0.0162,99.5,98.44,12.1
scale_kernel_pool,kp_k5,11,18,0.0027618,0.0108,99.77,98.88,13.1
scale_kernel_pool,kp_k5,12,18,0.0022392,0.006,99.85,98.8,13.6
scale_kernel_pool,kp_k5,13,18,0.0017281,0.0025,99.94,98.94,13.4
scale_kernel_pool,kp_k5,14,18,0.0012507,0.0006,99.99,99.01,14.1
scale_kernel_pool,kp_k5,15,18,0.00082801,0.0002,100.0,99.01,15.0
scale_kernel_pool,kp_k5,16,18,0.00047836,0.0001,100.0,99.02,12.1
scale_kernel_pool,kp_k5,17,18,0.00021709,0.0,100.0,99.04,12.8
scale_kernel_pool,kp_k5,18,18,5.562e-05,0.0,100.0,99.04,12.4
scale_kernel_pool,kp_k7,1,18,0.0016667,0.2349,96.81,96.56,9.9
scale_kernel_pool,kp_k7,2,18,0.0033333,0.1102,97.82,97.33,11.2
scale_kernel_pool,kp_k7,3,18,0.005,0.1045,96.11,96.27,10.9
scale_kernel_pool,kp_k7,4,18,0.005,0.0885,97.34,97.01,12.1
scale_kernel_pool,kp_k7,5,18,0.0049454,0.0719,97.78,97.34,12.8
scale_kernel_pool,kp_k7,6,18,0.0047839,0.0697,98.38,97.73,12.4
scale_kernel_pool,kp_k7,7,18,0.0045226,0.0701,98.87,97.97,12.2
scale_kernel_pool,kp_k7,8,18,0.004173,0.0489,98.59,97.81,13.2
scale_kernel_pool,kp_k7,9,18,0.0037502,0.0376,99.0,98.08,13.8
scale_kernel_pool,kp_k7,10,18,0.0032729,0.0303,99.43,98.61,10.7
scale_kernel_pool,kp_k7,11,18,0.0027618,0.0229,99.35,98.37,11.6
scale_kernel_pool,kp_k7,12,18,0.0022392,0.0147,99.67,98.52,8.9
scale_kernel_pool,kp_k7,13,18,0.0017281,0.0065,99.87,98.78,9.6
scale_kernel_pool,kp_k7,14,18,0.0012507,0.0023,99.94,98.86,9.3
scale_kernel_pool,kp_k7,15,18,0.00082801,0.0008,99.99,98.82,11.5
scale_kernel_pool,kp_k7,16,18,0.00047836,0.0003,100.0,98.79,8.5
scale_kernel_pool,kp_k7,17,18,0.00021709,0.0002,100.0,98.79,10.9
scale_kernel_pool,kp_k7,18,18,5.562e-05,0.0001,100.0,98.8,10.2
scale_kernel_pool,kp_k5_pool3,1,18,0.0016667,0.315,95.76,95.94,10.0
scale_kernel_pool,kp_k5_pool3,2,18,0.0033333,0.1031,97.29,97.04,10.9
scale_kernel_pool,kp_k5_pool3,3,18,0.005,0.08,97.86,97.78,11.3
scale_kernel_pool,kp_k5_pool3,4,18,0.005,0.0572,98.38,98.12,9.8
scale_kernel_pool,kp_k5_pool3,5,18,0.0049454,0.0458,98.46,97.88,5.7
scale_kernel_pool,kp_k5_pool3,6,18,0.0047839,0.0449,98.95,98.47,8.9
scale_kernel_pool,kp_k5_pool3,7,18,0.0045226,0.0361,98.87,98.15,11.4
scale_kernel_pool,kp_k5_pool3,8,18,0.004173,0.027,99.14,98.47,12.0
scale_kernel_pool,kp_k5_pool3,9,18,0.0037502,0.0246,99.09,98.4,7.8
scale_kernel_pool,kp_k5_pool3,10,18,0.0032729,0.0203,99.0,98.27,8.8
scale_kernel_pool,kp_k5_pool3,11,18,0.0027618,0.0146,99.55,98.8,6.5
scale_kernel_pool,kp_k5_pool3,12,18,0.0022392,0.0091,99.75,98.76,9.7
scale_kernel_pool,kp_k5_pool3,13,18,0.0017281,0.0052,99.84,98.83,9.0
scale_kernel_pool,kp_k5_pool3,14,18,0.0012507,0.0023,99.89,98.88,7.9
scale_kernel_pool,kp_k5_pool3,15,18,0.00082801,0.001,99.99,99.01,10.3
scale_kernel_pool,kp_k5_pool3,16,18,0.00047836,0.0005,99.99,98.94,9.5
scale_kernel_pool,kp_k5_pool3,17,18,0.00021709,0.0003,100.0,98.96,9.5
scale_kernel_pool,kp_k5_pool3,18,18,5.562e-05,0.0003,100.0,98.97,9.4
scale_kernel_pool,kp_k5_nopool,1,18,0.0016667,0.2787,96.23,95.74,21.6
scale_kernel_pool,kp_k5_nopool,2,18,0.0033333,0.1567,96.91,96.12,19.2
scale_kernel_pool,kp_k5_nopool,3,18,0.005,0.2213,94.33,93.63,22.1
scale_kernel_pool,kp_k5_nopool,4,18,0.005,0.1365,96.83,95.85,21.9
scale_kernel_pool,kp_k5_nopool,5,18,0.0049454,0.2209,94.97,94.4,22.7
scale_kernel_pool,kp_k5_nopool,6,18,0.0047839,0.1353,96.82,95.36,22.8
scale_kernel_pool,kp_k5_nopool,7,18,0.0045226,0.1301,97.17,95.59,22.3
scale_kernel_pool,kp_k5_nopool,8,18,0.004173,0.1057,97.68,96.29,22.0
scale_kernel_pool,kp_k5_nopool,9,18,0.0037502,0.0961,96.42,94.88,21.6
scale_kernel_pool,kp_k5_nopool,10,18,0.0032729,0.0875,97.78,96.37,22.0
scale_kernel_pool,kp_k5_nopool,11,18,0.0027618,0.048,98.92,96.97,19.2
scale_kernel_pool,kp_k5_nopool,12,18,0.0022392,0.0283,99.24,96.81,22.2
scale_kernel_pool,kp_k5_nopool,13,18,0.0017281,0.0157,99.63,97.31,21.5
scale_kernel_pool,kp_k5_nopool,14,18,0.0012507,0.0077,99.87,97.38,17.4
scale_kernel_pool,kp_k5_nopool,15,18,0.00082801,0.0035,99.95,97.41,22.0
scale_kernel_pool,kp_k5_nopool,16,18,0.00047836,0.0016,99.97,97.51,22.0
scale_kernel_pool,kp_k5_nopool,17,18,0.00021709,0.0012,99.98,97.53,22.4
scale_kernel_pool,kp_k5_nopool,18,18,5.562e-05,0.001,99.98,97.55,22.8
hp_lr,lr_0.0001,1,18,3.3333e-05,1.0305,88.68,89.74,9.1
hp_lr,lr_0.0001,2,18,6.6667e-05,0.3006,93.55,94.05,9.5
hp_lr,lr_0.0001,3,18,0.0001,0.1814,95.89,96.02,12.3
hp_lr,lr_0.0001,4,18,0.0001,0.1234,96.94,96.86,11.9
hp_lr,lr_0.0001,5,18,9.8918e-05,0.0946,97.61,97.45,12.8
hp_lr,lr_0.0001,6,18,9.572e-05,0.0768,98.05,97.82,8.9
hp_lr,lr_0.0001,7,18,9.0546e-05,0.0645,98.32,97.98,13.1
hp_lr,lr_0.0001,8,18,8.3622e-05,0.0556,98.54,98.17,9.1
hp_lr,lr_0.0001,9,18,7.525e-05,0.0486,98.73,98.23,12.3
hp_lr,lr_0.0001,10,18,6.5796e-05,0.043,98.87,98.37,8.1
hp_lr,lr_0.0001,11,18,5.5674e-05,0.0384,98.97,98.47,12.7
hp_lr,lr_0.0001,12,18,4.5326e-05,0.0346,99.05,98.5,9.5
hp_lr,lr_0.0001,13,18,3.5204e-05,0.0318,99.11,98.55,13.3
hp_lr,lr_0.0001,14,18,2.575e-05,0.0295,99.17,98.65,10.4
hp_lr,lr_0.0001,15,18,1.7378e-05,0.0277,99.24,98.71,13.6
hp_lr,lr_0.0001,16,18,1.0454e-05,0.0264,99.3,98.76,11.3
hp_lr,lr_0.0001,17,18,5.2795e-06,0.0255,99.35,98.78,13.7
hp_lr,lr_0.0001,18,18,2.0817e-06,0.025,99.37,98.77,11.7
hp_lr,lr_0.0003,1,18,0.0001,0.5649,93.0,93.58,11.7
hp_lr,lr_0.0003,2,18,0.0002,0.1703,96.79,96.75,12.4
hp_lr,lr_0.0003,3,18,0.0003,0.0969,97.81,97.52,12.3
hp_lr,lr_0.0003,4,18,0.0003,0.0629,98.37,97.88,12.0
hp_lr,lr_0.0003,5,18,0.00029673,0.046,98.87,98.31,11.6
hp_lr,lr_0.0003,6,18,0.00028708,0.035,99.07,98.46,12.0
hp_lr,lr_0.0003,7,18,0.00027145,0.0269,99.22,98.58,11.3
hp_lr,lr_0.0003,8,18,0.00025054,0.021,99.39,98.62,11.6
hp_lr,lr_0.0003,9,18,0.00022525,0.0158,99.48,98.65,11.2
hp_lr,lr_0.0003,10,18,0.0001967,0.0119,99.49,98.74,10.3
hp_lr,lr_0.0003,11,18,0.00016613,0.0088,99.42,98.69,11.5
hp_lr,lr_0.0003,12,18,0.00013487,0.0066,99.61,98.72,9.8
hp_lr,lr_0.0003,13,18,0.0001043,0.0049,99.81,98.83,11.6
hp_lr,lr_0.0003,14,18,7.575e-05,0.0037,99.88,98.94,12.3
hp_lr,lr_0.0003,15,18,5.0465e-05,0.003,99.92,99.0,12.1
hp_lr,lr_0.0003,16,18,2.9552e-05,0.0025,99.97,98.99,11.8
hp_lr,lr_0.0003,17,18,1.3925e-05,0.0022,99.98,99.01,11.8
hp_lr,lr_0.0003,18,18,4.2669e-06,0.0019,99.99,99.03,10.2
hp_lr,lr_0.001,1,18,0.00033333,0.3199,96.65,96.67,12.6
hp_lr,lr_0.001,2,18,0.00066667,0.0912,98.2,97.72,9.5
hp_lr,lr_0.001,3,18,0.001,0.0578,98.69,98.01,13.1
hp_lr,lr_0.001,4,18,0.001,0.0377,98.93,98.4,11.1
hp_lr,lr_0.001,5,18,0.00098908,0.027,99.2,98.35,13.2
hp_lr,lr_0.001,6,18,0.00095682,0.0193,99.31,98.57,11.5
hp_lr,lr_0.001,7,18,0.0009046,0.0168,99.46,98.83,13.5
hp_lr,lr_0.001,8,18,0.00083473,0.0134,99.44,98.75,11.3
hp_lr,lr_0.001,9,18,0.00075025,0.0084,99.62,98.73,13.6
hp_lr,lr_0.001,10,18,0.00065485,0.0067,99.58,98.67,11.1
hp_lr,lr_0.001,11,18,0.00055271,0.0033,99.94,98.94,13.7
hp_lr,lr_0.001,12,18,0.00044829,0.0015,99.93,98.9,10.9
hp_lr,lr_0.001,13,18,0.00034615,0.0007,99.99,99.06,10.7
hp_lr,lr_0.001,14,18,0.00025075,0.0003,100.0,99.11,7.8
hp_lr,lr_0.001,15,18,0.00016627,0.0001,100.0,99.11,12.7
hp_lr,lr_0.001,16,18,9.6396e-05,0.0001,100.0,99.1,9.9
hp_lr,lr_0.001,17,18,4.4184e-05,0.0001,100.0,99.1,13.5
hp_lr,lr_0.001,18,18,1.1915e-05,0.0001,100.0,99.09,10.0
hp_lr,lr_0.003,1,18,0.001,0.2075,97.81,97.72,12.1
hp_lr,lr_0.003,2,18,0.002,0.075,98.09,97.62,13.7
hp_lr,lr_0.003,3,18,0.003,0.0649,98.76,98.32,11.8
hp_lr,lr_0.003,4,18,0.003,0.0436,99.06,98.5,13.9
hp_lr,lr_0.003,5,18,0.0029672,0.0349,98.96,98.32,11.0
hp_lr,lr_0.003,6,18,0.0028704,0.0296,98.63,97.76,12.6
hp_lr,lr_0.003,7,18,0.0027136,0.0318,99.35,98.52,9.8
hp_lr,lr_0.003,8,18,0.0025039,0.0233,99.45,98.65,12.7
hp_lr,lr_0.003,9,18,0.0022502,0.0126,99.41,98.55,7.6
hp_lr,lr_0.003,10,18,0.0019639,0.0103,99.73,98.85,12.0
hp_lr,lr_0.003,11,18,0.0016572,0.0091,99.56,98.76,8.2
hp_lr,lr_0.003,12,18,0.0013438,0.0045,99.83,98.76,12.8
hp_lr,lr_0.003,13,18,0.0010371,0.0019,99.98,99.01,11.0
hp_lr,lr_0.003,14,18,0.00075075,0.0002,100.0,99.11,13.6
hp_lr,lr_0.003,15,18,0.00049714,0.0001,100.0,99.12,11.8
hp_lr,lr_0.003,16,18,0.00028738,0.0,100.0,99.12,10.8
hp_lr,lr_0.003,17,18,0.00013064,0.0,100.0,99.11,11.6
hp_lr,lr_0.003,18,18,3.3768e-05,0.0,100.0,99.11,11.9
hp_lr,lr_0.005,1,18,0.0016667,0.1882,98.06,97.84,13.2
hp_lr,lr_0.005,2,18,0.0033333,0.0829,97.96,97.61,11.9
hp_lr,lr_0.005,3,18,0.005,0.082,98.14,97.97,13.4
hp_lr,lr_0.005,4,18,0.005,0.0681,97.96,97.77,11.6
hp_lr,lr_0.005,5,18,0.0049454,0.0516,98.4,97.93,13.1
hp_lr,lr_0.005,6,18,0.0047839,0.0499,98.5,97.94,10.9
hp_lr,lr_0.005,7,18,0.0045226,0.0477,98.31,97.46,12.7
hp_lr,lr_0.005,8,18,0.004173,0.0326,99.12,98.18,9.9
hp_lr,lr_0.005,9,18,0.0037502,0.0318,99.09,98.43,12.0
hp_lr,lr_0.005,10,18,0.0032729,0.0201,99.3,98.48,7.1
hp_lr,lr_0.005,11,18,0.0027618,0.0161,99.59,98.61,11.7
hp_lr,lr_0.005,12,18,0.0022392,0.0065,99.87,98.86,11.4
hp_lr,lr_0.005,13,18,0.0017281,0.0026,99.95,99.0,12.1
hp_lr,lr_0.005,14,18,0.0012507,0.0015,99.98,99.04,13.8
hp_lr,lr_0.005,15,18,0.00082801,0.0004,99.99,99.02,14.2
hp_lr,lr_0.005,16,18,0.00047836,0.0003,99.99,99.07,14.7
hp_lr,lr_0.005,17,18,0.00021709,0.0001,100.0,99.07,14.5
hp_lr,lr_0.005,18,18,5.562e-05,0.0001,100.0,99.07,14.9
hp_lr,lr_0.01,1,18,0.0033333,0.1754,98.29,98.01,10.3
hp_lr,lr_0.01,2,18,0.0066667,0.1138,98.4,98.05,12.1
hp_lr,lr_0.01,3,18,0.01,0.2051,94.35,94.56,11.6
hp_lr,lr_0.01,4,18,0.01,0.1241,97.69,97.42,12.1
hp_lr,lr_0.01,5,18,0.0098907,0.1403,94.22,94.33,12.8
hp_lr,lr_0.01,6,18,0.0095678,0.1781,97.38,97.33,12.7
hp_lr,lr_0.01,7,18,0.0090452,0.1056,97.65,97.35,12.8
hp_lr,lr_0.01,8,18,0.0083458,0.0768,98.75,98.23,13.4
hp_lr,lr_0.01,9,18,0.0075002,0.0586,98.91,98.39,12.1
hp_lr,lr_0.01,10,18,0.0065454,0.0492,98.95,98.4,10.3
hp_lr,lr_0.01,11,18,0.0055231,0.0364,99.15,98.47,11.6
hp_lr,lr_0.01,12,18,0.0044779,0.0342,99.55,98.95,10.8
hp_lr,lr_0.01,13,18,0.0034556,0.0168,99.68,98.9,5.7
hp_lr,lr_0.01,14,18,0.0025007,0.0112,99.72,99.0,11.7
hp_lr,lr_0.01,15,18,0.0016552,0.0069,99.84,99.05,13.7
hp_lr,lr_0.01,16,18,0.00095582,0.0046,99.87,99.11,14.0
hp_lr,lr_0.01,17,18,0.00043323,0.0039,99.87,99.07,14.3
hp_lr,lr_0.01,18,18,0.00011025,0.0037,99.87,99.07,14.7
hp_lr,lr_0.03,1,18,0.01,0.2895,97.38,97.37,11.7
hp_lr,lr_0.03,2,18,0.02,1.9927,10.44,10.28,11.5
hp_lr,lr_0.03,3,18,0.03,2.3024,10.44,10.28,12.1
hp_lr,lr_0.03,4,18,0.03,2.3025,10.44,10.28,13.7
hp_lr,lr_0.03,5,18,0.029672,2.3025,10.44,10.28,14.1
hp_lr,lr_0.03,6,18,0.028703,2.3025,10.44,10.28,14.6
hp_lr,lr_0.03,7,18,0.027135,2.3024,10.44,10.28,14.5
hp_lr,lr_0.03,8,18,0.025037,2.3023,10.44,10.28,15.0
hp_lr,lr_0.03,9,18,0.0225,2.3022,10.44,10.28,5.9
hp_lr,lr_0.03,10,18,0.019636,2.3021,10.44,10.28,12.0
hp_lr,lr_0.03,11,18,0.016568,2.3019,10.44,10.28,14.0
hp_lr,lr_0.03,12,18,0.013433,2.3018,10.44,10.28,12.9
hp_lr,lr_0.03,13,18,0.010365,2.3016,10.44,10.28,12.5
hp_lr,lr_0.03,14,18,0.0075007,2.3015,10.44,10.28,14.2
hp_lr,lr_0.03,15,18,0.0049639,2.3014,10.44,10.28,12.0
hp_lr,lr_0.03,16,18,0.0028656,2.3013,11.24,11.35,11.8
hp_lr,lr_0.03,17,18,0.0012978,2.3013,11.24,11.35,12.9
hp_lr,lr_0.03,18,18,0.00032877,2.3012,11.24,11.35,13.9
hp_lr_size,lrs_small_0.001,1,18,0.00033333,0.6022,92.01,92.27,11.1
hp_lr_size,lrs_small_0.001,2,18,0.00066667,0.2165,95.74,95.73,8.0
hp_lr_size,lrs_small_0.001,3,18,0.001,0.1337,96.93,96.77,7.7
hp_lr_size,lrs_small_0.001,4,18,0.001,0.0883,97.7,97.33,11.5
hp_lr_size,lrs_small_0.001,5,18,0.00098908,0.068,98.08,97.72,7.3
hp_lr_size,lrs_small_0.001,6,18,0.00095682,0.0549,98.37,97.92,8.2
hp_lr_size,lrs_small_0.001,7,18,0.0009046,0.0452,98.57,98.11,11.6
hp_lr_size,lrs_small_0.001,8,18,0.00083473,0.038,98.72,98.19,5.3
hp_lr_size,lrs_small_0.001,9,18,0.00075025,0.0323,98.85,98.3,7.8
hp_lr_size,lrs_small_0.001,10,18,0.00065485,0.0278,99.01,98.3,9.0
hp_lr_size,lrs_small_0.001,11,18,0.00055271,0.0242,99.12,98.37,8.0
hp_lr_size,lrs_small_0.001,12,18,0.00044829,0.0206,99.28,98.4,6.4
hp_lr_size,lrs_small_0.001,13,18,0.00034615,0.0174,99.44,98.55,9.4
hp_lr_size,lrs_small_0.001,14,18,0.00025075,0.0144,99.59,98.62,8.5
hp_lr_size,lrs_small_0.001,15,18,0.00016627,0.0123,99.69,98.7,8.1
hp_lr_size,lrs_small_0.001,16,18,9.6396e-05,0.0109,99.75,98.74,10.7
hp_lr_size,lrs_small_0.001,17,18,4.4184e-05,0.01,99.78,98.77,10.0
hp_lr_size,lrs_small_0.001,18,18,1.1915e-05,0.0094,99.8,98.76,9.1
hp_lr_size,lrs_small_0.003,1,18,0.001,0.387,95.31,95.38,10.1
hp_lr_size,lrs_small_0.003,2,18,0.002,0.1316,97.34,97.1,9.5
hp_lr_size,lrs_small_0.003,3,18,0.003,0.0826,97.74,97.34,11.2
hp_lr_size,lrs_small_0.003,4,18,0.003,0.0566,98.26,97.64,10.4
hp_lr_size,lrs_small_0.003,5,18,0.0029672,0.0434,98.31,97.58,8.9
hp_lr_size,lrs_small_0.003,6,18,0.0028704,0.0357,98.38,97.47,10.8
hp_lr_size,lrs_small_0.003,7,18,0.0027136,0.0284,98.56,97.78,11.5
hp_lr_size,lrs_small_0.003,8,18,0.0025039,0.0251,98.4,97.59,10.2
hp_lr_size,lrs_small_0.003,9,18,0.0022502,0.0199,99.21,98.39,10.5
hp_lr_size,lrs_small_0.003,10,18,0.0019639,0.0137,99.45,98.53,9.8
hp_lr_size,lrs_small_0.003,11,18,0.0016572,0.0108,99.42,98.56,10.0
hp_lr_size,lrs_small_0.003,12,18,0.0013438,0.0061,99.74,98.72,8.4
hp_lr_size,lrs_small_0.003,13,18,0.0010371,0.0038,99.84,98.8,10.8
hp_lr_size,lrs_small_0.003,14,18,0.00075075,0.0024,99.93,98.79,8.5
hp_lr_size,lrs_small_0.003,15,18,0.00049714,0.0013,99.94,98.78,10.9
hp_lr_size,lrs_small_0.003,16,18,0.00028738,0.0009,99.99,98.82,10.1
hp_lr_size,lrs_small_0.003,17,18,0.00013064,0.0006,99.99,98.84,10.3
hp_lr_size,lrs_small_0.003,18,18,3.3768e-05,0.0006,100.0,98.85,10.6
hp_lr_size,lrs_small_0.01,1,18,0.0033333,0.2575,97.32,97.18,10.1
hp_lr_size,lrs_small_0.01,2,18,0.0066667,0.0994,96.94,96.67,9.5
hp_lr_size,lrs_small_0.01,3,18,0.01,0.1043,97.26,96.78,11.2
hp_lr_size,lrs_small_0.01,4,18,0.01,0.0819,96.5,96.23,10.3
hp_lr_size,lrs_small_0.01,5,18,0.0098907,0.083,97.15,96.94,8.9
hp_lr_size,lrs_small_0.01,6,18,0.0095678,0.0908,97.1,96.65,10.7
hp_lr_size,lrs_small_0.01,7,18,0.0090452,0.0701,98.31,97.54,11.1
hp_lr_size,lrs_small_0.01,8,18,0.0083458,0.0567,98.27,97.55,9.7
hp_lr_size,lrs_small_0.01,9,18,0.0075002,0.0467,98.83,97.84,10.5
hp_lr_size,lrs_small_0.01,10,18,0.0065454,0.0358,98.29,97.67,9.5
hp_lr_size,lrs_small_0.01,11,18,0.0055231,0.0308,99.11,98.26,9.7
hp_lr_size,lrs_small_0.01,12,18,0.0044779,0.0176,99.22,98.42,8.7
hp_lr_size,lrs_small_0.01,13,18,0.0034556,0.0105,99.66,98.53,11.0
hp_lr_size,lrs_small_0.01,14,18,0.0025007,0.0063,99.84,98.72,8.0
hp_lr_size,lrs_small_0.01,15,18,0.0016552,0.0022,99.96,98.87,10.8
hp_lr_size,lrs_small_0.01,16,18,0.00095582,0.0011,99.98,98.89,9.4
hp_lr_size,lrs_small_0.01,17,18,0.00043323,0.0008,99.98,98.94,10.2
hp_lr_size,lrs_small_0.01,18,18,0.00011025,0.0006,99.99,98.93,9.2
hp_lr_size,lrs_small_0.03,1,18,0.01,0.2189,97.68,97.57,6.8
hp_lr_size,lrs_small_0.03,2,18,0.02,0.3482,95.67,95.85,9.3
hp_lr_size,lrs_small_0.03,3,18,0.03,1.1723,11.24,11.35,8.1
hp_lr_size,lrs_small_0.03,4,18,0.03,2.3026,11.24,11.35,7.0
hp_lr_size,lrs_small_0.03,5,18,0.029672,2.3025,11.24,11.35,8.6
hp_lr_size,lrs_small_0.03,6,18,0.028703,2.3024,10.45,10.28,8.5
hp_lr_size,lrs_small_0.03,7,18,0.027135,2.3031,10.44,10.28,9.7
hp_lr_size,lrs_small_0.03,8,18,0.025037,2.3023,10.44,10.28,8.2
hp_lr_size,lrs_small_0.03,9,18,0.0225,2.3022,10.44,10.28,10.2
hp_lr_size,lrs_small_0.03,10,18,0.019636,2.3021,10.44,10.28,4.9
hp_lr_size,lrs_small_0.03,11,18,0.016568,2.3019,10.44,10.28,11.2
hp_lr_size,lrs_small_0.03,12,18,0.013433,2.3018,10.44,10.28,6.8
hp_lr_size,lrs_small_0.03,13,18,0.010365,2.3016,10.44,10.28,10.9
hp_lr_size,lrs_small_0.03,14,18,0.0075007,2.3015,10.44,10.28,5.1
hp_lr_size,lrs_small_0.03,15,18,0.0049639,2.3014,10.44,10.28,11.4
hp_lr_size,lrs_small_0.03,16,18,0.0028656,2.3013,11.24,11.35,5.5
hp_lr_size,lrs_small_0.03,17,18,0.0012978,2.3013,11.24,11.35,11.4
hp_lr_size,lrs_small_0.03,18,18,0.00032877,2.3012,11.24,11.35,5.5
hp_lr_size,lrs_large_0.001,1,18,0.00033333,0.2044,97.95,97.69,17.3
hp_lr_size,lrs_large_0.001,2,18,0.00066667,0.0712,98.57,98.09,17.5
hp_lr_size,lrs_large_0.001,3,18,0.001,0.0491,98.74,98.15,13.2
hp_lr_size,lrs_large_0.001,4,18,0.001,0.0326,98.99,98.45,17.6
hp_lr_size,lrs_large_0.001,5,18,0.00098908,0.022,99.32,98.57,18.1
hp_lr_size,lrs_large_0.001,6,18,0.00095682,0.0193,98.96,98.5,16.9
hp_lr_size,lrs_large_0.001,7,18,0.0009046,0.0172,99.57,98.97,17.6
hp_lr_size,lrs_large_0.001,8,18,0.00083473,0.012,99.7,98.98,15.5
hp_lr_size,lrs_large_0.001,9,18,0.00075025,0.0098,99.73,99.0,17.3
hp_lr_size,lrs_large_0.001,10,18,0.00065485,0.0034,99.85,99.04,17.0
hp_lr_size,lrs_large_0.001,11,18,0.00055271,0.0026,99.95,99.25,17.1
hp_lr_size,lrs_large_0.001,12,18,0.00044829,0.0025,99.94,99.23,16.7
hp_lr_size,lrs_large_0.001,13,18,0.00034615,0.0008,99.99,99.33,17.1
hp_lr_size,lrs_large_0.001,14,18,0.00025075,0.0001,100.0,99.39,16.2
hp_lr_size,lrs_large_0.001,15,18,0.00016627,0.0001,100.0,99.38,15.2
hp_lr_size,lrs_large_0.001,16,18,9.6396e-05,0.0,100.0,99.38,12.4
hp_lr_size,lrs_large_0.001,17,18,4.4184e-05,0.0,100.0,99.37,7.5
hp_lr_size,lrs_large_0.001,18,18,1.1915e-05,0.0,100.0,99.37,12.6
hp_lr_size,lrs_large_0.003,1,18,0.001,0.1608,98.22,97.78,17.1
hp_lr_size,lrs_large_0.003,2,18,0.002,0.0756,98.83,98.31,17.7
hp_lr_size,lrs_large_0.003,3,18,0.003,0.0692,98.97,98.43,17.1
hp_lr_size,lrs_large_0.003,4,18,0.003,0.0514,99.06,98.43,17.7
hp_lr_size,lrs_large_0.003,5,18,0.0029672,0.0552,98.96,98.39,15.6
hp_lr_size,lrs_large_0.003,6,18,0.0028704,0.0364,99.19,98.54,16.7
hp_lr_size,lrs_large_0.003,7,18,0.0027136,0.0326,99.15,98.47,16.3
hp_lr_size,lrs_large_0.003,8,18,0.0025039,0.0333,98.99,98.06,16.0
hp_lr_size,lrs_large_0.003,9,18,0.0022502,0.024,99.58,98.77,16.0
hp_lr_size,lrs_large_0.003,10,18,0.0019639,0.0119,99.69,98.77,14.4
hp_lr_size,lrs_large_0.003,11,18,0.0016572,0.0071,99.8,99.06,10.9
hp_lr_size,lrs_large_0.003,12,18,0.0013438,0.0074,99.68,98.96,8.6
hp_lr_size,lrs_large_0.003,13,18,0.0010371,0.0035,99.93,99.16,13.4
hp_lr_size,lrs_large_0.003,14,18,0.00075075,0.0012,99.99,99.22,15.9
hp_lr_size,lrs_large_0.003,15,18,0.00049714,0.0001,100.0,99.3,17.1
hp_lr_size,lrs_large_0.003,16,18,0.00028738,0.0,100.0,99.3,14.4
hp_lr_size,lrs_large_0.003,17,18,0.00013064,0.0,100.0,99.3,17.5
hp_lr_size,lrs_large_0.003,18,18,3.3768e-05,0.0,100.0,99.3,18.4
hp_lr_size,lrs_large_0.01,1,18,0.0033333,0.1979,98.18,97.84,17.6
hp_lr_size,lrs_large_0.01,2,18,0.0066667,0.1381,97.65,97.42,18.0
hp_lr_size,lrs_large_0.01,3,18,0.01,7.0708,10.44,10.28,15.9
hp_lr_size,lrs_large_0.01,4,18,0.01,2.3015,10.44,10.28,16.8
hp_lr_size,lrs_large_0.01,5,18,0.0098907,2.3016,10.44,10.28,15.4
hp_lr_size,lrs_large_0.01,6,18,0.0095678,2.3016,10.44,10.28,17.4
hp_lr_size,lrs_large_0.01,7,18,0.0090452,2.3016,10.44,10.28,17.1
hp_lr_size,lrs_large_0.01,8,18,0.0083458,2.3015,10.44,10.28,17.1
hp_lr_size,lrs_large_0.01,9,18,0.0075002,2.3015,10.44,10.28,16.5
hp_lr_size,lrs_large_0.01,10,18,0.0065454,2.3015,10.44,10.28,16.9
hp_lr_size,lrs_large_0.01,11,18,0.0055231,2.3014,10.44,10.28,16.7
hp_lr_size,lrs_large_0.01,12,18,0.0044779,2.3014,10.44,10.28,17.1
hp_lr_size,lrs_large_0.01,13,18,0.0034556,2.3013,10.44,10.28,17.2
hp_lr_size,lrs_large_0.01,14,18,0.0025007,2.3013,11.24,11.35,17.0
hp_lr_size,lrs_large_0.01,15,18,0.0016552,2.3013,11.24,11.35,14.8
hp_lr_size,lrs_large_0.01,16,18,0.00095582,2.3012,11.24,11.35,17.7
hp_lr_size,lrs_large_0.01,17,18,0.00043323,2.3012,11.24,11.35,18.5
hp_lr_size,lrs_large_0.01,18,18,0.00011025,2.3012,11.24,11.35,15.2
hp_lr_size,lrs_large_0.03,1,18,0.01,0.706,96.76,96.82,9.8
hp_lr_size,lrs_large_0.03,2,18,0.02,0.1575,96.84,96.56,14.2
hp_lr_size,lrs_large_0.03,3,18,0.03,1783.0577,10.44,10.28,14.3
hp_lr_size,lrs_large_0.03,4,18,0.03,2.302,10.44,10.28,16.0
hp_lr_size,lrs_large_0.03,5,18,0.029672,2.3022,10.44,10.28,16.7
hp_lr_size,lrs_large_0.03,6,18,0.028703,2.3022,10.44,10.28,17.1
hp_lr_size,lrs_large_0.03,7,18,0.027135,2.3022,10.44,10.28,16.7
hp_lr_size,lrs_large_0.03,8,18,0.025037,2.3022,10.44,10.28,17.1
hp_lr_size,lrs_large_0.03,9,18,0.0225,2.3021,10.44,10.28,17.0
hp_lr_size,lrs_large_0.03,10,18,0.019636,2.302,10.44,10.28,17.1
hp_lr_size,lrs_large_0.03,11,18,0.016568,2.3019,10.44,10.28,14.9
hp_lr_size,lrs_large_0.03,12,18,0.013433,2.3018,10.44,10.28,17.8
hp_lr_size,lrs_large_0.03,13,18,0.010365,2.3016,10.44,10.28,18.5
hp_lr_size,lrs_large_0.03,14,18,0.0075007,2.3015,10.44,10.28,15.4
hp_lr_size,lrs_large_0.03,15,18,0.0049639,2.3014,10.44,10.28,15.4
hp_lr_size,lrs_large_0.03,16,18,0.0028656,2.3013,11.24,11.35,15.5
hp_lr_size,lrs_large_0.03,17,18,0.0012978,2.3013,11.24,11.35,16.0
hp_lr_size,lrs_large_0.03,18,18,0.00032877,2.3012,11.24,11.35,16.3
hp_opt,opt_sgd_0.001,1,18,0.00033333,2.1674,39.4,41.37,9.5
hp_opt,opt_sgd_0.001,2,18,0.00066667,1.5081,74.65,76.15,10.0
hp_opt,opt_sgd_0.001,3,18,0.001,0.8269,84.34,85.56,14.8
hp_opt,opt_sgd_0.001,4,18,0.001,0.5334,87.29,88.55,6.5
hp_opt,opt_sgd_0.001,5,18,0.00098908,0.426,88.87,90.1,12.9
hp_opt,opt_sgd_0.001,6,18,0.00095682,0.3714,89.88,90.91,11.7
hp_opt,opt_sgd_0.001,7,18,0.0009046,0.3376,90.61,91.63,10.5
hp_opt,opt_sgd_0.001,8,18,0.00083473,0.3145,91.17,92.04,13.1
hp_opt,opt_sgd_0.001,9,18,0.00075025,0.2975,91.57,92.49,12.6
hp_opt,opt_sgd_0.001,10,18,0.00065485,0.2846,91.9,92.77,10.7
hp_opt,opt_sgd_0.001,11,18,0.00055271,0.2747,92.19,92.95,13.5
hp_opt,opt_sgd_0.001,12,18,0.00044829,0.2671,92.4,93.06,10.2
hp_opt,opt_sgd_0.001,13,18,0.00034615,0.2614,92.49,93.17,12.6
hp_opt,opt_sgd_0.001,14,18,0.00025075,0.2573,92.59,93.26,12.3
hp_opt,opt_sgd_0.001,15,18,0.00016627,0.2544,92.66,93.29,12.6
hp_opt,opt_sgd_0.001,16,18,9.6396e-05,0.2525,92.72,93.27,12.5
hp_opt,opt_sgd_0.001,17,18,4.4184e-05,0.2515,92.74,93.25,12.6
hp_opt,opt_sgd_0.001,18,18,1.1915e-05,0.251,92.74,93.24,12.4
hp_opt,opt_sgd_0.01,1,18,0.0033333,0.9761,87.22,88.28,12.5
hp_opt,opt_sgd_0.01,2,18,0.0066667,0.338,91.12,91.92,12.5
hp_opt,opt_sgd_0.01,3,18,0.01,0.2381,92.91,93.45,10.5
hp_opt,opt_sgd_0.01,4,18,0.01,0.1705,94.06,94.63,12.9
hp_opt,opt_sgd_0.01,5,18,0.0098907,0.1346,95.05,95.51,13.0
hp_opt,opt_sgd_0.01,6,18,0.0095678,0.1116,95.88,96.2,10.7
hp_opt,opt_sgd_0.01,7,18,0.0090452,0.0959,96.5,96.6,13.4
hp_opt,opt_sgd_0.01,8,18,0.0083458,0.0847,97.03,96.98,10.8
hp_opt,opt_sgd_0.01,9,18,0.0075002,0.0765,97.41,97.22,12.9
hp_opt,opt_sgd_0.01,10,18,0.0065454,0.0701,97.69,97.45,12.5
hp_opt,opt_sgd_0.01,11,18,0.0055231,0.0653,97.93,97.67,12.9
hp_opt,opt_sgd_0.01,12,18,0.0044779,0.0615,98.11,97.78,12.7
hp_opt,opt_sgd_0.01,13,18,0.0034556,0.0585,98.27,97.98,12.9
hp_opt,opt_sgd_0.01,14,18,0.0025007,0.0562,98.38,98.05,13.2
hp_opt,opt_sgd_0.01,15,18,0.0016552,0.0545,98.44,98.14,10.4
hp_opt,opt_sgd_0.01,16,18,0.00095582,0.0533,98.47,98.19,10.9
hp_opt,opt_sgd_0.01,17,18,0.00043323,0.0526,98.47,98.25,9.7
hp_opt,opt_sgd_0.1,1,18,0.033333,0.3627,93.75,94.38,11.5
hp_opt,opt_sgd_0.1,2,18,0.066667,0.1306,96.65,96.53,11.1
hp_opt,opt_sgd_0.1,3,18,0.1,0.0773,97.87,97.41,9.2
hp_opt,opt_sgd_0.1,4,18,0.1,0.0452,98.74,98.08,12.4
hp_opt,opt_sgd_0.1,5,18,0.098907,0.031,99.13,98.38,10.5
hp_opt,opt_sgd_0.1,6,18,0.095677,0.0218,99.33,98.5,10.5
hp_opt,opt_sgd_0.1,7,18,0.090451,0.0153,99.51,98.64,11.0
hp_opt,opt_sgd_0.1,8,18,0.083457,0.0107,99.65,98.74,11.9
hp_opt,opt_sgd_0.1,9,18,0.075,0.0078,99.74,98.85,12.0
hp_opt,opt_sgd_0.1,10,18,0.065451,0.0058,99.8,98.93,12.4
hp_opt,opt_sgd_0.1,11,18,0.055227,0.0045,99.84,98.91,12.6
hp_opt,opt_sgd_0.1,12,18,0.044774,0.0036,99.89,98.93,13.0
hp_opt,opt_sgd_0.1,13,18,0.03455,0.003,99.93,98.97,13.2
hp_opt,opt_sgd_0.1,14,18,0.025001,0.0026,99.95,99.02,13.1
hp_opt,opt_sgd_0.1,15,18,0.016544,0.0023,99.97,99.01,13.6
hp_opt,opt_sgd_0.1,16,18,0.0095501,0.0021,99.98,99.01,13.5
hp_opt,opt_sgd_momentum_0.001,1,18,0.00033333,2.1793,38.37,40.41,10.9
hp_opt,opt_sgd_momentum_0.001,2,18,0.00066667,1.5216,74.08,75.42,10.5
hp_opt,opt_sgd_momentum_0.001,3,18,0.001,0.8338,84.46,85.82,10.7
hp_opt,opt_sgd_momentum_0.001,4,18,0.001,0.5361,87.59,88.55,10.8
hp_opt,opt_sgd_momentum_0.001,5,18,0.00098908,0.4281,89.01,90.11,10.9
hp_opt,opt_sgd_momentum_0.001,6,18,0.00095682,0.3733,89.99,91.04,11.8
hp_opt,opt_sgd_momentum_0.001,7,18,0.0009046,0.3394,90.72,91.62,12.3
hp_opt,opt_sgd_momentum_0.001,8,18,0.00083473,0.3161,91.26,92.08,13.2
hp_opt,opt_sgd_momentum_0.001,9,18,0.00075025,0.2989,91.66,92.38,13.7
hp_opt,opt_sgd_momentum_0.001,10,18,0.00065485,0.2858,91.99,92.68,13.6
hp_opt,opt_sgd_momentum_0.01,1,18,0.0033333,1.0391,87.52,88.68,12.1
hp_opt,opt_sgd_momentum_0.01,2,18,0.0066667,0.3401,91.81,92.39,13.2
hp_opt,opt_sgd_momentum_0.01,3,18,0.01,0.2368,94.2,94.69,13.3
precision,prec_f32,1,18,0.0016667,0.1882,98.06,97.84,7.9
precision,prec_f32,2,18,0.0033333,0.0829,97.96,97.61,7.9
precision,prec_f32,3,18,0.005,0.082,98.14,97.97,7.5
precision,prec_f32,4,18,0.005,0.0681,97.96,97.77,7.9
precision,prec_f32,5,18,0.0049454,0.0516,98.4,97.93,7.5
precision,prec_f32,6,18,0.0047839,0.0499,98.5,97.94,7.1
precision,prec_f32,7,18,0.0045226,0.0477,98.31,97.46,7.2
precision,prec_f32,8,18,0.004173,0.0326,99.12,98.18,7.2
precision,prec_f32,9,18,0.0037502,0.0318,99.09,98.43,7.2
precision,prec_f32,10,18,0.0032729,0.0201,99.3,98.48,7.1
precision,prec_f32,11,18,0.0027618,0.0161,99.59,98.61,7.1
precision,prec_f32,12,18,0.0022392,0.0065,99.87,98.86,7.1
precision,prec_f32,13,18,0.0017281,0.0026,99.95,99.0,7.2
precision,prec_f32,14,18,0.0012507,0.0015,99.98,99.04,7.2
precision,prec_f32,15,18,0.00082801,0.0004,99.99,99.02,7.2
precision,prec_f32,16,18,0.00047836,0.0003,99.99,99.07,7.2
precision,prec_f32,17,18,0.00021709,0.0001,100.0,99.07,7.2
precision,prec_f32,18,18,5.562e-05,0.0001,100.0,99.07,7.2
precision,prec_f16,1,18,0.0016667,0.1904,97.96,97.67,8.2
precision,prec_f16,2,18,0.0033333,0.0822,98.48,98.15,7.9
precision,prec_f16,3,18,0.005,0.0845,98.08,97.82,7.5
precision,prec_f16,4,18,0.005,0.0605,98.57,98.11,7.9
precision,prec_f16,5,18,0.0049454,0.0538,98.29,97.84,7.5
precision,prec_f16,6,18,0.0047839,0.0513,98.39,97.86,7.2
precision,prec_f16,7,18,0.0045226,0.0478,99.06,98.45,7.2
precision,prec_f16,8,18,0.004173,0.0377,98.43,97.83,7.2
precision,prec_f16,9,18,0.0037502,0.0305,99.34,98.57,7.2
precision,prec_f16,10,18,0.0032729,0.0191,99.66,98.87,7.2
precision,prec_f16,11,18,0.0027618,0.0111,99.59,98.7,7.2
precision,prec_f16,12,18,0.0022392,0.007,99.72,98.85,7.1
precision,prec_f16,13,18,0.0017281,0.0042,99.66,98.5,7.2
precision,prec_f16,14,18,0.0012507,0.0031,99.95,98.89,7.2
precision,prec_f16,15,18,0.00082801,0.001,100.0,99.07,7.2
precision,prec_f16,16,18,0.00047836,0.0001,100.0,99.09,7.2
precision,prec_f16,17,18,0.00021709,0.0001,100.0,99.11,7.3
precision,prec_f16,18,18,5.562e-05,0.0001,100.0,99.12,7.2
