stage,name,done,epoch,final,best,train,kb,cfg,log,model
screen,bnboth_lr5e3,True,18,99.36,99.41,100.0,749.3,"{""arch"": ""cnn"", ""epochs"": 18, ""batch_size"": 128, ""optimizer"": ""adamw"", ""weight_decay"": 0.001, ""lr_schedule"": ""cosine"", ""warmup_epochs"": 3, ""min_lr"": 1e-06, ""shuffle"": ""true"", ""gpu"": true, ""lr"": 0.005, ""cnn_channels"": ""16,32"", ""cnn_fc"": ""256,128,10"", ""norm_place"": ""both""}",tests\results\focus_cnn\screen\logs\bnboth_lr5e3.log,tests\results\focus_cnn\screen\models\bnboth_lr5e3.bin
screen,fcbig_lr3e3,True,18,99.33,99.35,100.0,4218.7,"{""arch"": ""cnn"", ""epochs"": 18, ""batch_size"": 128, ""optimizer"": ""adamw"", ""weight_decay"": 0.001, ""lr_schedule"": ""cosine"", ""warmup_epochs"": 3, ""min_lr"": 1e-06, ""shuffle"": ""true"", ""gpu"": true, ""lr"": 0.003, ""cnn_channels"": ""16,32"", ""cnn_fc"": ""1024,512,10""}",tests\results\focus_cnn\screen\logs\fcbig_lr3e3.log,tests\results\focus_cnn\screen\models\fcbig_lr3e3.bin
screen,base_lr3e3,True,18,99.32,99.34,100.0,743.2,"{""arch"": ""cnn"", ""epochs"": 18, ""batch_size"": 128, ""optimizer"": ""adamw"", ""weight_decay"": 0.001, ""lr_schedule"": ""cosine"", ""warmup_epochs"": 3, ""min_lr"": 1e-06, ""shuffle"": ""true"", ""gpu"": true, ""lr"": 0.003, ""cnn_channels"": ""16,32"", ""cnn_fc"": ""256,128,10""}",tests\results\focus_cnn\screen\logs\base_lr3e3.log,tests\results\focus_cnn\screen\models\base_lr3e3.bin
screen,base_lr5e3,True,18,99.32,99.35,100.0,743.2,"{""arch"": ""cnn"", ""epochs"": 18, ""batch_size"": 128, ""optimizer"": ""adamw"", ""weight_decay"": 0.001, ""lr_schedule"": ""cosine"", ""warmup_epochs"": 3, ""min_lr"": 1e-06, ""shuffle"": ""true"", ""gpu"": true, ""lr"": 0.005, ""cnn_channels"": ""16,32"", ""cnn_fc"": ""256,128,10""}",tests\results\focus_cnn\screen\logs\base_lr5e3.log,tests\results\focus_cnn\screen\models\base_lr5e3.bin
screen,bnhead_lr5e3,True,18,99.32,99.36,100.0,705.2,"{""arch"": ""cnn"", ""epochs"": 18, ""batch_size"": 128, ""optimizer"": ""adamw"", ""weight_decay"": 0.001, ""lr_schedule"": ""cosine"", ""warmup_epochs"": 3, ""min_lr"": 1e-06, ""shuffle"": ""true"", ""gpu"": true, ""lr"": 0.005, ""cnn_channels"": ""16,32"", ""cnn_fc"": ""256,128,10"", ""norm_place"": ""head""}",tests\results\focus_cnn\screen\logs\bnhead_lr5e3.log,tests\results\focus_cnn\screen\models\bnhead_lr5e3.bin
screen,base_e30,True,30,99.3,99.32,100.0,743.2,"{""arch"": ""cnn"", ""epochs"": 30, ""batch_size"": 128, ""optimizer"": ""adamw"", ""weight_decay"": 0.001, ""lr_schedule"": ""cosine"", ""warmup_epochs"": 3, ""min_lr"": 1e-06, ""shuffle"": ""true"", ""gpu"": true, ""lr"": 0.005, ""cnn_channels"": ""16,32"", ""cnn_fc"": ""256,128,10""}",tests\results\focus_cnn\screen\logs\base_e30.log,tests\results\focus_cnn\screen\models\base_e30.bin
screen,med_lr3e3,True,18,99.29,99.31,100.0,2865.4,"{""arch"": ""cnn"", ""epochs"": 18, ""batch_size"": 128, ""optimizer"": ""adamw"", ""weight_decay"": 0.001, ""lr_schedule"": ""cosine"", ""warmup_epochs"": 3, ""min_lr"": 1e-06, ""shuffle"": ""true"", ""gpu"": true, ""lr"": 0.003, ""cnn_channels"": ""32,64"", ""cnn_fc"": ""512,256,10""}",tests\results\focus_cnn\screen\logs\med_lr3e3.log,tests\results\focus_cnn\screen\models\med_lr3e3.bin
screen,lnconv_lr5e3,True,18,99.28,99.28,100.0,721.1,"{""arch"": ""cnn"", ""epochs"": 18, ""batch_size"": 128, ""optimizer"": ""adamw"", ""weight_decay"": 0.001, ""lr_schedule"": ""cosine"", ""warmup_epochs"": 3, ""min_lr"": 1e-06, ""shuffle"": ""true"", ""gpu"": true, ""lr"": 0.005, ""cnn_channels"": ""16,32"", ""cnn_fc"": ""256,128,10"", ""norm"": ""layernorm"", ""norm_place"": ""conv""}",tests\results\focus_cnn\screen\logs\lnconv_lr5e3.log,tests\results\focus_cnn\screen\models\lnconv_lr5e3.bin
screen,med_lr1e3,True,18,99.24,99.24,100.0,2865.4,"{""arch"": ""cnn"", ""epochs"": 18, ""batch_size"": 128, ""optimizer"": ""adamw"", ""weight_decay"": 0.001, ""lr_schedule"": ""cosine"", ""warmup_epochs"": 3, ""min_lr"": 1e-06, ""shuffle"": ""true"", ""gpu"": true, ""lr"": 0.001, ""cnn_channels"": ""32,64"", ""cnn_fc"": ""512,256,10""}",tests\results\focus_cnn\screen\logs\med_lr1e3.log,tests\results\focus_cnn\screen\models\med_lr1e3.bin
screen,base_wd1e2,True,18,99.23,99.26,100.0,743.2,"{""arch"": ""cnn"", ""epochs"": 18, ""batch_size"": 128, ""optimizer"": ""adamw"", ""weight_decay"": 0.01, ""lr_schedule"": ""cosine"", ""warmup_epochs"": 3, ""min_lr"": 1e-06, ""shuffle"": ""true"", ""gpu"": true, ""lr"": 0.005, ""cnn_channels"": ""16,32"", ""cnn_fc"": ""256,128,10""}",tests\results\focus_cnn\screen\logs\base_wd1e2.log,tests\results\focus_cnn\screen\models\base_wd1e2.bin
screen,med_e30,True,30,99.22,99.26,100.0,2865.4,"{""arch"": ""cnn"", ""epochs"": 30, ""batch_size"": 128, ""optimizer"": ""adamw"", ""weight_decay"": 0.001, ""lr_schedule"": ""cosine"", ""warmup_epochs"": 3, ""min_lr"": 1e-06, ""shuffle"": ""true"", ""gpu"": true, ""lr"": 0.003, ""cnn_channels"": ""32,64"", ""cnn_fc"": ""512,256,10""}",tests\results\focus_cnn\screen\logs\med_e30.log,tests\results\focus_cnn\screen\models\med_e30.bin
screen,none_lr5e3,True,18,99.21,99.21,100.0,699.0,"{""arch"": ""cnn"", ""epochs"": 18, ""batch_size"": 128, ""optimizer"": ""adamw"", ""weight_decay"": 0.001, ""lr_schedule"": ""cosine"", ""warmup_epochs"": 3, ""min_lr"": 1e-06, ""shuffle"": ""true"", ""gpu"": true, ""lr"": 0.005, ""cnn_channels"": ""16,32"", ""cnn_fc"": ""256,128,10"", ""norm_place"": ""none""}",tests\results\focus_cnn\screen\logs\none_lr5e3.log,tests\results\focus_cnn\screen\models\none_lr5e3.bin
screen,base_lr1e2,True,18,99.18,99.2,99.99,743.2,"{""arch"": ""cnn"", ""epochs"": 18, ""batch_size"": 128, ""optimizer"": ""adamw"", ""weight_decay"": 0.001, ""lr_schedule"": ""cosine"", ""warmup_epochs"": 3, ""min_lr"": 1e-06, ""shuffle"": ""true"", ""gpu"": true, ""lr"": 0.01, ""cnn_channels"": ""16,32"", ""cnn_fc"": ""256,128,10""}",tests\results\focus_cnn\screen\logs\base_lr1e2.log,tests\results\focus_cnn\screen\models\base_lr1e2.bin
screen,deep3k3_lr3e3,True,18,99.06,99.06,99.99,800.8,"{""arch"": ""cnn"", ""epochs"": 18, ""batch_size"": 128, ""optimizer"": ""adamw"", ""weight_decay"": 0.001, ""lr_schedule"": ""cosine"", ""warmup_epochs"": 3, ""min_lr"": 1e-06, ""shuffle"": ""true"", ""gpu"": true, ""lr"": 0.003, ""cnn_channels"": ""16,32,64"", ""cnn_kernels"": ""3,3,3"", ""cnn_fc"": ""512,256,10""}",tests\results\focus_cnn\screen\logs\deep3k3_lr3e3.log,tests\results\focus_cnn\screen\models\deep3k3_lr3e3.bin
