phase,run,factors,completed,epochs,target_epochs,final_test,best_test,best_epoch,final_train,final_loss,mean_epoch_sec,params,model_kb,args,log,model
scale_conv,cw_4_8,"{""axis"": ""conv_channels"", ""value"": ""4,8""}",True,18,18,98.93,98.93,17,100.0,0.0003,9.61,18714,73.8,"--arch cnn --epochs 18 --batch-size 128 --lr 0.005 --optimizer adamw --weight-decay 0.001 --cnn-channels 4,8 --cnn-fc 128,10 --lr-schedule cosine --warmup-epochs 3 --min-lr 1e-06 --shuffle-steps false --gpu",research\results\scale_conv\logs\cw_4_8.log,research\results\scale_conv\models\cw_4_8.bin
scale_conv,cw_8_16,"{""axis"": ""conv_channels"", ""value"": ""8,16""}",True,18,18,98.97,98.99,17,100.0,0.0001,9.81,37610,147.6,"--arch cnn --epochs 18 --batch-size 128 --lr 0.005 --optimizer adamw --weight-decay 0.001 --cnn-channels 8,16 --cnn-fc 128,10 --lr-schedule cosine --warmup-epochs 3 --min-lr 1e-06 --shuffle-steps false --gpu",research\results\scale_conv\logs\cw_8_16.log,research\results\scale_conv\models\cw_8_16.bin
scale_conv,cw_16_32,"{""axis"": ""conv_channels"", ""value"": ""16,32""}",True,18,18,99.04,99.04,17,100.0,0.0,12.78,80202,314.0,"--arch cnn --epochs 18 --batch-size 128 --lr 0.005 --optimizer adamw --weight-decay 0.001 --cnn-channels 16,32 --cnn-fc 128,10 --lr-schedule cosine --warmup-epochs 3 --min-lr 1e-06 --shuffle-steps false --gpu",research\results\scale_conv\logs\cw_16_32.log,research\results\scale_conv\models\cw_16_32.bin
scale_conv,cw_32_64,"{""axis"": ""conv_channels"", ""value"": ""32,64""}",True,18,18,99.08,99.1,15,100.0,0.0001,15.66,184586,721.7,"--arch cnn --epochs 18 --batch-size 128 --lr 0.005 --optimizer adamw --weight-decay 0.001 --cnn-channels 32,64 --cnn-fc 128,10 --lr-schedule cosine --warmup-epochs 3 --min-lr 1e-06 --shuffle-steps false --gpu",research\results\scale_conv\logs\cw_32_64.log,research\results\scale_conv\models\cw_32_64.bin
scale_conv,cw_64_128,"{""axis"": ""conv_channels"", ""value"": ""64,128""}",True,18,18,98.98,98.98,17,99.96,0.001,23.26,470154,1837.2,"--arch cnn --epochs 18 --batch-size 128 --lr 0.005 --optimizer adamw --weight-decay 0.001 --cnn-channels 64,128 --cnn-fc 128,10 --lr-schedule cosine --warmup-epochs 3 --min-lr 1e-06 --shuffle-steps false --gpu",research\results\scale_conv\logs\cw_64_128.log,research\results\scale_conv\models\cw_64_128.bin
scale_fc,fc_32_10,"{""axis"": ""fc_dims"", ""value"": ""32,10""}",True,18,18,98.82,98.84,16,100.0,0.0002,11.01,29994,117.9,"--arch cnn --epochs 18 --batch-size 128 --lr 0.005 --optimizer adamw --weight-decay 0.001 --cnn-channels 16,32 --cnn-fc 32,10 --lr-schedule cosine --warmup-epochs 3 --min-lr 1e-06 --shuffle-steps false --gpu",research\results\scale_fc\logs\fc_32_10.log,research\results\scale_fc\models\fc_32_10.bin
scale_fc,fc_64_10,"{""axis"": ""fc_dims"", ""value"": ""64,10""}",True,18,18,99.03,99.03,15,100.0,0.0001,10.92,46730,183.2,"--arch cnn --epochs 18 --batch-size 128 --lr 0.005 --optimizer adamw --weight-decay 0.001 --cnn-channels 16,32 --cnn-fc 64,10 --lr-schedule cosine --warmup-epochs 3 --min-lr 1e-06 --shuffle-steps false --gpu",research\results\scale_fc\logs\fc_64_10.log,research\results\scale_fc\models\fc_64_10.bin
scale_fc,fc_128_10,"{""axis"": ""fc_dims"", ""value"": ""128,10""}",True,18,18,99.04,99.04,17,100.0,0.0,11.17,80202,314.0,"--arch cnn --epochs 18 --batch-size 128 --lr 0.005 --optimizer adamw --weight-decay 0.001 --cnn-channels 16,32 --cnn-fc 128,10 --lr-schedule cosine --warmup-epochs 3 --min-lr 1e-06 --shuffle-steps false --gpu",research\results\scale_fc\logs\fc_128_10.log,research\results\scale_fc\models\fc_128_10.bin
scale_fc,fc_256_10,"{""axis"": ""fc_dims"", ""value"": ""256,10""}",True,18,18,99.08,99.13,13,100.0,0.0,10.63,147146,575.5,"--arch cnn --epochs 18 --batch-size 128 --lr 0.005 --optimizer adamw --weight-decay 0.001 --cnn-channels 16,32 --cnn-fc 256,10 --lr-schedule cosine --warmup-epochs 3 --min-lr 1e-06 --shuffle-steps false --gpu",research\results\scale_fc\logs\fc_256_10.log,research\results\scale_fc\models\fc_256_10.bin
scale_fc,fc_256_128_10,"{""axis"": ""fc_dims"", ""value"": ""256,128,10""}",True,18,18,99.07,99.07,16,100.0,0.0001,10.98,178762,699.0,"--arch cnn --epochs 18 --batch-size 128 --lr 0.005 --optimizer adamw --weight-decay 0.001 --cnn-channels 16,32 --cnn-fc 256,128,10 --lr-schedule cosine --warmup-epochs 3 --min-lr 1e-06 --shuffle-steps false --gpu",research\results\scale_fc\logs\fc_256_128_10.log,research\results\scale_fc\models\fc_256_128_10.bin
scale_fc,fc_512_256_10,"{""axis"": ""fc_dims"", ""value"": ""512,256,10""}",True,18,18,99.21,99.22,16,100.0,0.0001,12.02,409802,1601.5,"--arch cnn --epochs 18 --batch-size 128 --lr 0.005 --optimizer adamw --weight-decay 0.001 --cnn-channels 16,32 --cnn-fc 512,256,10 --lr-schedule cosine --warmup-epochs 3 --min-lr 1e-06 --shuffle-steps false --gpu",research\results\scale_fc\logs\fc_512_256_10.log,research\results\scale_fc\models\fc_512_256_10.bin
scale_fc,fc_1024_512_10,"{""axis"": ""fc_dims"", ""value"": ""1024,512,10""}",True,18,18,99.22,99.23,15,100.0,0.0,10.82,1068490,4174.5,"--arch cnn --epochs 18 --batch-size 128 --lr 0.005 --optimizer adamw --weight-decay 0.001 --cnn-channels 16,32 --cnn-fc 1024,512,10 --lr-schedule cosine --warmup-epochs 3 --min-lr 1e-06 --shuffle-steps false --gpu",research\results\scale_fc\logs\fc_1024_512_10.log,research\results\scale_fc\models\fc_1024_512_10.bin
scale_depth,dp_1,"{""axis"": ""conv_depth"", ""value"": ""1 (k5, ch32)""}",True,18,18,98.61,98.66,13,100.0,0.0,11.44,592074,2313.4,"--arch cnn --epochs 18 --batch-size 128 --lr 0.005 --optimizer adamw --weight-decay 0.001 --cnn-channels 32 --cnn-fc 128,10 --lr-schedule cosine --warmup-epochs 3 --min-lr 1e-06 --shuffle-steps false --gpu --cnn-kernels 5",research\results\scale_depth\logs\dp_1.log,research\results\scale_depth\models\dp_1.bin
scale_depth,dp_2,"{""axis"": ""conv_depth"", ""value"": ""2 (k5, ch16,32)""}",True,18,18,99.04,99.04,17,100.0,0.0,11.89,80202,314.0,"--arch cnn --epochs 18 --batch-size 128 --lr 0.005 --optimizer adamw --weight-decay 0.001 --cnn-channels 16,32 --cnn-fc 128,10 --lr-schedule cosine --warmup-epochs 3 --min-lr 1e-06 --shuffle-steps false --gpu --cnn-kernels 5,5",research\results\scale_depth\logs\dp_2.log,research\results\scale_depth\models\dp_2.bin
scale_kernel_pool,kp_k3,"{""axis"": ""kernel/pool"", ""value"": ""k3""}",True,18,18,99.08,99.08,16,100.0,0.0,12.58,108618,425.0,"--arch cnn --epochs 18 --batch-size 128 --lr 0.005 --optimizer adamw --weight-decay 0.001 --cnn-channels 16,32 --cnn-fc 128,10 --lr-schedule cosine --warmup-epochs 3 --min-lr 1e-06 --shuffle-steps false --gpu --cnn-kernels 3,3 --cnn-pool 2",research\results\scale_kernel_pool\logs\kp_k3.log,research\results\scale_kernel_pool\models\kp_k3.bin
scale_kernel_pool,kp_k5,"{""axis"": ""kernel/pool"", ""value"": ""k5""}",True,18,18,99.04,99.04,17,100.0,0.0,11.98,80202,314.0,"--arch cnn --epochs 18 --batch-size 128 --lr 0.005 --optimizer adamw --weight-decay 0.001 --cnn-channels 16,32 --cnn-fc 128,10 --lr-schedule cosine --warmup-epochs 3 --min-lr 1e-06 --shuffle-steps false --gpu --cnn-kernels 5,5 --cnn-pool 2",research\results\scale_kernel_pool\logs\kp_k5.log,research\results\scale_kernel_pool\models\kp_k5.bin
scale_kernel_pool,kp_k7,"{""axis"": ""kernel/pool"", ""value"": ""k7""}",True,18,18,98.8,98.86,14,100.0,0.0001,11.09,43722,171.5,"--arch cnn --epochs 18 --batch-size 128 --lr 0.005 --optimizer adamw --weight-decay 0.001 --cnn-channels 16,32 --cnn-fc 128,10 --lr-schedule cosine --warmup-epochs 3 --min-lr 1e-06 --shuffle-steps false --gpu --cnn-kernels 7,7 --cnn-pool 2",research\results\scale_kernel_pool\logs\kp_k7.log,research\results\scale_kernel_pool\models\kp_k7.bin
scale_kernel_pool,kp_k5_pool3,"{""axis"": ""kernel/pool"", ""value"": ""k5_pool3""}",True,18,18,98.97,99.01,15,100.0,0.0003,9.36,18762,74.0,"--arch cnn --epochs 18 --batch-size 128 --lr 0.005 --optimizer adamw --weight-decay 0.001 --cnn-channels 16,32 --cnn-fc 128,10 --lr-schedule cosine --warmup-epochs 3 --min-lr 1e-06 --shuffle-steps false --gpu --cnn-kernels 5,5 --cnn-pool 3",research\results\scale_kernel_pool\logs\kp_k5_pool3.log,research\results\scale_kernel_pool\models\kp_k5_pool3.bin
scale_kernel_pool,kp_k5_nopool,"{""axis"": ""kernel/pool"", ""value"": ""k5_nopool""}",True,18,18,97.55,97.55,18,99.98,0.001,21.54,1653066,6458.0,"--arch cnn --epochs 18 --batch-size 128 --lr 0.005 --optimizer adamw --weight-decay 0.001 --cnn-channels 16,32 --cnn-fc 128,10 --lr-schedule cosine --warmup-epochs 3 --min-lr 1e-06 --shuffle-steps false --gpu --cnn-kernels 5,5 --cnn-pool 0",research\results\scale_kernel_pool\logs\kp_k5_nopool.log,research\results\scale_kernel_pool\models\kp_k5_nopool.bin
hp_lr,lr_0.0001,"{""axis"": ""lr"", ""value"": 0.0001}",True,18,18,98.77,98.78,17,99.37,0.025,11.29,178762,699.0,"--arch cnn --epochs 18 --batch-size 128 --lr 0.0001 --optimizer adamw --weight-decay 0.001 --cnn-channels 16,32 --cnn-fc 256,128,10 --lr-schedule cosine --warmup-epochs 3 --min-lr 1e-06 --shuffle-steps false --gpu",research\results\hp_lr\logs\lr_0.0001.log,research\results\hp_lr\models\lr_0.0001.bin
hp_lr,lr_0.0003,"{""axis"": ""lr"", ""value"": 0.0003}",True,18,18,99.03,99.03,18,99.99,0.0019,11.53,178762,699.0,"--arch cnn --epochs 18 --batch-size 128 --lr 0.0003 --optimizer adamw --weight-decay 0.001 --cnn-channels 16,32 --cnn-fc 256,128,10 --lr-schedule cosine --warmup-epochs 3 --min-lr 1e-06 --shuffle-steps false --gpu",research\results\hp_lr\logs\lr_0.0003.log,research\results\hp_lr\models\lr_0.0003.bin
hp_lr,lr_0.001,"{""axis"": ""lr"", ""value"": 0.001}",True,18,18,99.09,99.11,14,100.0,0.0001,11.65,178762,699.0,"--arch cnn --epochs 18 --batch-size 128 --lr 0.001 --optimizer adamw --weight-decay 0.001 --cnn-channels 16,32 --cnn-fc 256,128,10 --lr-schedule cosine --warmup-epochs 3 --min-lr 1e-06 --shuffle-steps false --gpu",research\results\hp_lr\logs\lr_0.001.log,research\results\hp_lr\models\lr_0.001.bin
hp_lr,lr_0.003,"{""axis"": ""lr"", ""value"": 0.003}",True,18,18,99.11,99.12,15,100.0,0.0,11.61,178762,699.0,"--arch cnn --epochs 18 --batch-size 128 --lr 0.003 --optimizer adamw --weight-decay 0.001 --cnn-channels 16,32 --cnn-fc 256,128,10 --lr-schedule cosine --warmup-epochs 3 --min-lr 1e-06 --shuffle-steps false --gpu",research\results\hp_lr\logs\lr_0.003.log,research\results\hp_lr\models\lr_0.003.bin
hp_lr,lr_0.005,"{""axis"": ""lr"", ""value"": 0.005}",True,18,18,99.07,99.07,16,100.0,0.0001,12.39,178762,699.0,"--arch cnn --epochs 18 --batch-size 128 --lr 0.005 --optimizer adamw --weight-decay 0.001 --cnn-channels 16,32 --cnn-fc 256,128,10 --lr-schedule cosine --warmup-epochs 3 --min-lr 1e-06 --shuffle-steps false --gpu",research\results\hp_lr\logs\lr_0.005.log,research\results\hp_lr\models\lr_0.005.bin
hp_lr,lr_0.01,"{""axis"": ""lr"", ""value"": 0.01}",True,18,18,99.07,99.11,16,99.87,0.0037,12.04,178762,699.0,"--arch cnn --epochs 18 --batch-size 128 --lr 0.01 --optimizer adamw --weight-decay 0.001 --cnn-channels 16,32 --cnn-fc 256,128,10 --lr-schedule cosine --warmup-epochs 3 --min-lr 1e-06 --shuffle-steps false --gpu",research\results\hp_lr\logs\lr_0.01.log,research\results\hp_lr\models\lr_0.01.bin
hp_lr,lr_0.03,"{""axis"": ""lr"", ""value"": 0.03}",True,18,18,11.35,97.37,1,11.24,2.3012,12.74,178762,699.0,"--arch cnn --epochs 18 --batch-size 128 --lr 0.03 --optimizer adamw --weight-decay 0.001 --cnn-channels 16,32 --cnn-fc 256,128,10 --lr-schedule cosine --warmup-epochs 3 --min-lr 1e-06 --shuffle-steps false --gpu",research\results\hp_lr\logs\lr_0.03.log,research\results\hp_lr\models\lr_0.03.bin
hp_lr_size,lrs_small_0.001,"{""axis"": ""lr x size"", ""value"": ""small@0.001""}",True,18,18,98.76,98.77,17,99.8,0.0094,8.76,20522,80.9,"--arch cnn --epochs 18 --batch-size 128 --lr 0.001 --optimizer adamw --weight-decay 0.001 --cnn-channels 8,16 --cnn-fc 64,10 --lr-schedule cosine --warmup-epochs 3 --min-lr 1e-06 --shuffle-steps false --gpu",research\results\hp_lr_size\logs\lrs_small_0.001.log,research\results\hp_lr_size\models\lrs_small_0.001.bin
hp_lr_size,lrs_small_0.003,"{""axis"": ""lr x size"", ""value"": ""small@0.003""}",True,18,18,98.85,98.85,18,100.0,0.0006,10.14,20522,80.9,"--arch cnn --epochs 18 --batch-size 128 --lr 0.003 --optimizer adamw --weight-decay 0.001 --cnn-channels 8,16 --cnn-fc 64,10 --lr-schedule cosine --warmup-epochs 3 --min-lr 1e-06 --shuffle-steps false --gpu",research\results\hp_lr_size\logs\lrs_small_0.003.log,research\results\hp_lr_size\models\lrs_small_0.003.bin
hp_lr_size,lrs_small_0.01,"{""axis"": ""lr x size"", ""value"": ""small@0.01""}",True,18,18,98.93,98.94,17,99.99,0.0006,9.92,20522,80.9,"--arch cnn --epochs 18 --batch-size 128 --lr 0.01 --optimizer adamw --weight-decay 0.001 --cnn-channels 8,16 --cnn-fc 64,10 --lr-schedule cosine --warmup-epochs 3 --min-lr 1e-06 --shuffle-steps false --gpu",research\results\hp_lr_size\logs\lrs_small_0.01.log,research\results\hp_lr_size\models\lrs_small_0.01.bin
hp_lr_size,lrs_small_0.03,"{""axis"": ""lr x size"", ""value"": ""small@0.03""}",True,18,18,11.35,97.57,1,11.24,2.3012,8.28,20522,80.9,"--arch cnn --epochs 18 --batch-size 128 --lr 0.03 --optimizer adamw --weight-decay 0.001 --cnn-channels 8,16 --cnn-fc 64,10 --lr-schedule cosine --warmup-epochs 3 --min-lr 1e-06 --shuffle-steps false --gpu",research\results\hp_lr_size\logs\lrs_small_0.03.log,research\results\hp_lr_size\models\lrs_small_0.03.bin
hp_lr_size,lrs_large_0.001,"{""axis"": ""lr x size"", ""value"": ""large@0.001""}",True,18,18,99.37,99.39,14,100.0,0.0,15.71,710794,2777.3,"--arch cnn --epochs 18 --batch-size 128 --lr 0.001 --optimizer adamw --weight-decay 0.001 --cnn-channels 32,64 --cnn-fc 512,256,10 --lr-schedule cosine --warmup-epochs 3 --min-lr 1e-06 --shuffle-steps false --gpu",research\results\hp_lr_size\logs\lrs_large_0.001.log,research\results\hp_lr_size\models\lrs_large_0.001.bin
hp_lr_size,lrs_large_0.003,"{""axis"": ""lr x size"", ""value"": ""large@0.003""}",True,18,18,99.3,99.3,15,100.0,0.0,15.6,710794,2777.3,"--arch cnn --epochs 18 --batch-size 128 --lr 0.003 --optimizer adamw --weight-decay 0.001 --cnn-channels 32,64 --cnn-fc 512,256,10 --lr-schedule cosine --warmup-epochs 3 --min-lr 1e-06 --shuffle-steps false --gpu",research\results\hp_lr_size\logs\lrs_large_0.003.log,research\results\hp_lr_size\models\lrs_large_0.003.bin
hp_lr_size,lrs_large_0.01,"{""axis"": ""lr x size"", ""value"": ""large@0.01""}",True,18,18,11.35,97.84,1,11.24,2.3012,16.83,710794,2777.3,"--arch cnn --epochs 18 --batch-size 128 --lr 0.01 --optimizer adamw --weight-decay 0.001 --cnn-channels 32,64 --cnn-fc 512,256,10 --lr-schedule cosine --warmup-epochs 3 --min-lr 1e-06 --shuffle-steps false --gpu",research\results\hp_lr_size\logs\lrs_large_0.01.log,research\results\hp_lr_size\models\lrs_large_0.01.bin
hp_lr_size,lrs_large_0.03,"{""axis"": ""lr x size"", ""value"": ""large@0.03""}",True,18,18,11.35,96.82,1,11.24,2.3012,15.88,710794,2777.3,"--arch cnn --epochs 18 --batch-size 128 --lr 0.03 --optimizer adamw --weight-decay 0.001 --cnn-channels 32,64 --cnn-fc 512,256,10 --lr-schedule cosine --warmup-epochs 3 --min-lr 1e-06 --shuffle-steps false --gpu",research\results\hp_lr_size\logs\lrs_large_0.03.log,research\results\hp_lr_size\models\lrs_large_0.03.bin
hp_opt,opt_sgd_0.001,"{""axis"": ""optimizer"", ""value"": ""sgd"", ""lr"": 0.001}",True,18,18,93.24,93.29,15,92.74,0.251,11.72,178762,699.0,"--arch cnn --epochs 18 --batch-size 128 --lr 0.001 --optimizer sgd --weight-decay 0.001 --cnn-channels 16,32 --cnn-fc 256,128,10 --lr-schedule cosine --warmup-epochs 3 --min-lr 1e-06 --shuffle-steps false --gpu",research\results\hp_opt\logs\opt_sgd_0.001.log,research\results\hp_opt\models\opt_sgd_0.001.bin
hp_opt,opt_sgd_0.01,"{""axis"": ""optimizer"", ""value"": ""sgd"", ""lr"": 0.01}",False,17,18,98.25,98.25,17,98.47,0.0526,12.02,178762,,"--arch cnn --epochs 18 --batch-size 128 --lr 0.01 --optimizer sgd --weight-decay 0.001 --cnn-channels 16,32 --cnn-fc 256,128,10 --lr-schedule cosine --warmup-epochs 3 --min-lr 1e-06 --shuffle-steps false --gpu",research\results\hp_opt\logs\opt_sgd_0.01.log,
hp_opt,opt_sgd_0.1,"{""axis"": ""optimizer"", ""value"": ""sgd"", ""lr"": 0.1}",False,16,18,99.01,99.02,14,99.98,0.0021,11.97,178762,,"--arch cnn --epochs 18 --batch-size 128 --lr 0.1 --optimizer sgd --weight-decay 0.001 --cnn-channels 16,32 --cnn-fc 256,128,10 --lr-schedule cosine --warmup-epochs 3 --min-lr 1e-06 --shuffle-steps false --gpu",research\results\hp_opt\logs\opt_sgd_0.1.log,
hp_opt,opt_sgd_momentum_0.001,"{""axis"": ""optimizer"", ""value"": ""sgd_momentum"", ""lr"": 0.001}",False,10,18,92.68,92.68,10,91.99,0.2858,11.84,178762,,"--arch cnn --epochs 18 --batch-size 128 --lr 0.001 --optimizer sgd_momentum --weight-decay 0.001 --cnn-channels 16,32 --cnn-fc 256,128,10 --lr-schedule cosine --warmup-epochs 3 --min-lr 1e-06 --shuffle-steps false --gpu",research\results\hp_opt\logs\opt_sgd_momentum_0.001.log,
hp_opt,opt_sgd_momentum_0.01,"{""axis"": ""optimizer"", ""value"": ""sgd_momentum"", ""lr"": 0.01}",False,3,18,94.69,94.69,3,94.2,0.2368,12.87,178762,,"--arch cnn --epochs 18 --batch-size 128 --lr 0.01 --optimizer sgd_momentum --weight-decay 0.001 --cnn-channels 16,32 --cnn-fc 256,128,10 --lr-schedule cosine --warmup-epochs 3 --min-lr 1e-06 --shuffle-steps false --gpu",research\results\hp_opt\logs\opt_sgd_momentum_0.01.log,
precision,prec_f32,"{""axis"": ""precision"", ""value"": ""f32""}",True,18,18,99.07,99.07,16,100.0,0.0001,7.33,178762,699.0,"--arch cnn --epochs 18 --batch-size 128 --lr 0.005 --optimizer adamw --weight-decay 0.001 --cnn-channels 16,32 --cnn-fc 256,128,10 --lr-schedule cosine --warmup-epochs 3 --min-lr 1e-06 --shuffle-steps false --gpu",research\results\precision\logs\prec_f32.log,research\results\precision\models\prec_f32.bin
precision,prec_f16,"{""axis"": ""precision"", ""value"": ""f16""}",True,18,18,99.12,99.12,18,100.0,0.0001,7.37,178762,699.0,"--arch cnn --epochs 18 --batch-size 128 --lr 0.005 --optimizer adamw --weight-decay 0.001 --cnn-channels 16,32 --cnn-fc 256,128,10 --lr-schedule cosine --warmup-epochs 3 --min-lr 1e-06 --shuffle-steps false --gpu --f16",research\results\precision\logs\prec_f16.log,research\results\precision\models\prec_f16.bin
